{
"parroquia": [
	{
		"dpa_canton" : "0101",
		"dpa_parroq" : "010150",
		"dpa_despar" : "CUENCA"
	},
	{
		"dpa_canton" : "0101",
		"dpa_parroq" : "010151",
		"dpa_despar" : "BAÑOS"
	},
	{
		"dpa_canton" : "0101",
		"dpa_parroq" : "010152",
		"dpa_despar" : "CUMBE"
	},
	{
		"dpa_canton" : "0101",
		"dpa_parroq" : "010153",
		"dpa_despar" : "CHAUCHA"
	},
	{
		"dpa_canton" : "0101",
		"dpa_parroq" : "010154",
		"dpa_despar" : "CHECA (JIDCAY)"
	},
	{
		"dpa_canton" : "0101",
		"dpa_parroq" : "010155",
		"dpa_despar" : "CHIQUINTAD"
	},
	{
		"dpa_canton" : "0101",
		"dpa_parroq" : "010156",
		"dpa_despar" : "LLACAO"
	},
	{
		"dpa_canton" : "0101",
		"dpa_parroq" : "010157",
		"dpa_despar" : "MOLLETURO"
	},
	{
		"dpa_canton" : "0101",
		"dpa_parroq" : "010158",
		"dpa_despar" : "NULTI"
	},
	{
		"dpa_canton" : "0101",
		"dpa_parroq" : "010159",
		"dpa_despar" : "OCTAVIO CORDERO PALACIOS (STA. ROSA)"
	},
	{
		"dpa_canton" : "0101",
		"dpa_parroq" : "010160",
		"dpa_despar" : "PACCHA"
	},
	{
		"dpa_canton" : "0101",
		"dpa_parroq" : "010161",
		"dpa_despar" : "QUINGEO"
	},
	{
		"dpa_canton" : "0101",
		"dpa_parroq" : "010162",
		"dpa_despar" : "RICAURTE"
	},
	{
		"dpa_canton" : "0101",
		"dpa_parroq" : "010163",
		"dpa_despar" : "SAN JOAQUIN"
	},
	{
		"dpa_canton" : "0101",
		"dpa_parroq" : "010164",
		"dpa_despar" : "SANTA ANA"
	},
	{
		"dpa_canton" : "0101",
		"dpa_parroq" : "010165",
		"dpa_despar" : "SAYAUSI"
	},
	{
		"dpa_canton" : "0101",
		"dpa_parroq" : "010166",
		"dpa_despar" : "SIDCAY"
	},
	{
		"dpa_canton" : "0101",
		"dpa_parroq" : "010167",
		"dpa_despar" : "SININCAY"
	},
	{
		"dpa_canton" : "0101",
		"dpa_parroq" : "010168",
		"dpa_despar" : "TARQUI"
	},
	{
		"dpa_canton" : "0101",
		"dpa_parroq" : "010169",
		"dpa_despar" : "TURI"
	},
	{
		"dpa_canton" : "0101",
		"dpa_parroq" : "010170",
		"dpa_despar" : "VALLE"
	},
	{
		"dpa_canton" : "0101",
		"dpa_parroq" : "010171",
		"dpa_despar" : "VICTORIA DEL PORTETE (IRQUIS)"
	},
	{
		"dpa_canton" : "0102",
		"dpa_parroq" : "010250",
		"dpa_despar" : "GIRON"
	},
	{
		"dpa_canton" : "0102",
		"dpa_parroq" : "010251",
		"dpa_despar" : "ASUNCION"
	},
	{
		"dpa_canton" : "0102",
		"dpa_parroq" : "010252",
		"dpa_despar" : "SAN GERARDO"
	},
	{
		"dpa_canton" : "0103",
		"dpa_parroq" : "010350",
		"dpa_despar" : "GUALACEO"
	},
	{
		"dpa_canton" : "0103",
		"dpa_parroq" : "010352",
		"dpa_despar" : "DANIEL CORDOVA TORAL (EL ORIENTE)"
	},
	{
		"dpa_canton" : "0103",
		"dpa_parroq" : "010353",
		"dpa_despar" : "JADAN"
	},
	{
		"dpa_canton" : "0103",
		"dpa_parroq" : "010354",
		"dpa_despar" : "MARIANO MORENO"
	},
	{
		"dpa_canton" : "0103",
		"dpa_parroq" : "010356",
		"dpa_despar" : "REMIGIO CRESPO TORAL (GULAG)"
	},
	{
		"dpa_canton" : "0103",
		"dpa_parroq" : "010357",
		"dpa_despar" : "SAN JUAN"
	},
	{
		"dpa_canton" : "0103",
		"dpa_parroq" : "010358",
		"dpa_despar" : "ZHIDMAD"
	},
	{
		"dpa_canton" : "0103",
		"dpa_parroq" : "010359",
		"dpa_despar" : "LUIS CORDERO VEGA"
	},
	{
		"dpa_canton" : "0103",
		"dpa_parroq" : "010360",
		"dpa_despar" : "SIMON BOLIVAR (CAB. EN GAÑANZOL)"
	},
	{
		"dpa_canton" : "0104",
		"dpa_parroq" : "010450",
		"dpa_despar" : "NABON"
	},
	{
		"dpa_canton" : "0104",
		"dpa_parroq" : "010451",
		"dpa_despar" : "COCHAPATA"
	},
	{
		"dpa_canton" : "0104",
		"dpa_parroq" : "010452",
		"dpa_despar" : "EL PROGRESO (CAB. EN ZHOTA)"
	},
	{
		"dpa_canton" : "0104",
		"dpa_parroq" : "010453",
		"dpa_despar" : "LAS NIEVES (CHAYA)"
	},
	{
		"dpa_canton" : "0105",
		"dpa_parroq" : "010550",
		"dpa_despar" : "PAUTE"
	},
	{
		"dpa_canton" : "0105",
		"dpa_parroq" : "010552",
		"dpa_despar" : "BULAN (JOSE VICTOR IZQUIERDO)"
	},
	{
		"dpa_canton" : "0105",
		"dpa_parroq" : "010553",
		"dpa_despar" : "CHICAN (GUILLERMO ORTEGA)"
	},
	{
		"dpa_canton" : "0105",
		"dpa_parroq" : "010554",
		"dpa_despar" : "EL CABO"
	},
	{
		"dpa_canton" : "0105",
		"dpa_parroq" : "010556",
		"dpa_despar" : "GUARAINAG"
	},
	{
		"dpa_canton" : "0105",
		"dpa_parroq" : "010559",
		"dpa_despar" : "SAN CRISTOBAL (CARLOS ORDOÑEZ LAZO)"
	},
	{
		"dpa_canton" : "0105",
		"dpa_parroq" : "010561",
		"dpa_despar" : "TOMEBAMBA"
	},
	{
		"dpa_canton" : "0105",
		"dpa_parroq" : "010562",
		"dpa_despar" : "DUG DUG"
	},
	{
		"dpa_canton" : "0106",
		"dpa_parroq" : "010650",
		"dpa_despar" : "PUCARA"
	},
	{
		"dpa_canton" : "0106",
		"dpa_parroq" : "010652",
		"dpa_despar" : "SAN RAFAEL DE SHARUG"
	},
	{
		"dpa_canton" : "0107",
		"dpa_parroq" : "010750",
		"dpa_despar" : "SAN FERNANDO"
	},
	{
		"dpa_canton" : "0107",
		"dpa_parroq" : "010751",
		"dpa_despar" : "CHUMBLIN"
	},
	{
		"dpa_canton" : "0108",
		"dpa_parroq" : "010850",
		"dpa_despar" : "SANTA ISABEL (CHAGUARURCO)"
	},
	{
		"dpa_canton" : "0108",
		"dpa_parroq" : "010851",
		"dpa_despar" : "ABDON CALDERON (LA UNION)"
	},
	{
		"dpa_canton" : "0108",
		"dpa_parroq" : "010852",
		"dpa_despar" : "EL CARMEN DE PIJILI"
	},
	{
		"dpa_canton" : "0108",
		"dpa_parroq" : "010853",
		"dpa_despar" : "ZHAGLLI (SHAGLLI )"
	},
	{
		"dpa_canton" : "0108",
		"dpa_parroq" : "010854",
		"dpa_despar" : "SAN SALVADOR DE CAÑARIBAMBA"
	},
	{
		"dpa_canton" : "0109",
		"dpa_parroq" : "010950",
		"dpa_despar" : "SIGSIG"
	},
	{
		"dpa_canton" : "0109",
		"dpa_parroq" : "010951",
		"dpa_despar" : "CUCHIL (CUTCHIL)"
	},
	{
		"dpa_canton" : "0109",
		"dpa_parroq" : "010952",
		"dpa_despar" : "GIMA"
	},
	{
		"dpa_canton" : "0109",
		"dpa_parroq" : "010953",
		"dpa_despar" : "GUEL"
	},
	{
		"dpa_canton" : "0109",
		"dpa_parroq" : "010954",
		"dpa_despar" : "LUDO"
	},
	{
		"dpa_canton" : "0109",
		"dpa_parroq" : "010955",
		"dpa_despar" : "SAN BARTOLOME"
	},
	{
		"dpa_canton" : "0109",
		"dpa_parroq" : "010956",
		"dpa_despar" : "SAN JOSE DE RARANGA"
	},
	{
		"dpa_canton" : "0110",
		"dpa_parroq" : "011050",
		"dpa_despar" : "SAN FELIPE DE OÑA"
	},
	{
		"dpa_canton" : "0110",
		"dpa_parroq" : "011051",
		"dpa_despar" : "SUSUDEL"
	},
	{
		"dpa_canton" : "0111",
		"dpa_parroq" : "011150",
		"dpa_despar" : "CHORDELEG"
	},
	{
		"dpa_canton" : "0111",
		"dpa_parroq" : "011151",
		"dpa_despar" : "PRINCIPAL"
	},
	{
		"dpa_canton" : "0111",
		"dpa_parroq" : "011152",
		"dpa_despar" : "LA UNION"
	},
	{
		"dpa_canton" : "0111",
		"dpa_parroq" : "011153",
		"dpa_despar" : "LUIS GALARZA ORELLANA (CAB. EN DELEGSOL)"
	},
	{
		"dpa_canton" : "0111",
		"dpa_parroq" : "011154",
		"dpa_despar" : "SAN MARTIN DE PUZHIO"
	},
	{
		"dpa_canton" : "0112",
		"dpa_parroq" : "011250",
		"dpa_despar" : "EL PAN"
	},
	{
		"dpa_canton" : "0112",
		"dpa_parroq" : "011253",
		"dpa_despar" : "SAN VICENTE"
	},
	{
		"dpa_canton" : "0113",
		"dpa_parroq" : "011350",
		"dpa_despar" : "SEVILLA DE ORO"
	},
	{
		"dpa_canton" : "0113",
		"dpa_parroq" : "011351",
		"dpa_despar" : "AMALUZA"
	},
	{
		"dpa_canton" : "0113",
		"dpa_parroq" : "011352",
		"dpa_despar" : "PALMAS"
	},
	{
		"dpa_canton" : "0114",
		"dpa_parroq" : "011450",
		"dpa_despar" : "GUACHAPALA"
	},
	{
		"dpa_canton" : "0115",
		"dpa_parroq" : "011550",
		"dpa_despar" : "CAMILO PONCE ENRIQUEZ"
	},
	{
		"dpa_canton" : "0201",
		"dpa_parroq" : "020150",
		"dpa_despar" : "GUARANDA"
	},
	{
		"dpa_canton" : "0201",
		"dpa_parroq" : "020151",
		"dpa_despar" : "FACUNDO VELA"
	},
	{
		"dpa_canton" : "0201",
		"dpa_parroq" : "020153",
		"dpa_despar" : "JULIO MORENO (CATANAHUAN GRANDE)"
	},
	{
		"dpa_canton" : "0201",
		"dpa_parroq" : "020155",
		"dpa_despar" : "SALINAS"
	},
	{
		"dpa_canton" : "0201",
		"dpa_parroq" : "020156",
		"dpa_despar" : "SAN LORENZO"
	},
	{
		"dpa_canton" : "0201",
		"dpa_parroq" : "020157",
		"dpa_despar" : "SAN SIMON (YACOTO)"
	},
	{
		"dpa_canton" : "0201",
		"dpa_parroq" : "020158",
		"dpa_despar" : "SANTA FE (SANTA FE)"
	},
	{
		"dpa_canton" : "0201",
		"dpa_parroq" : "020159",
		"dpa_despar" : "SIMIATUG"
	},
	{
		"dpa_canton" : "0201",
		"dpa_parroq" : "020160",
		"dpa_despar" : "SAN LUIS DE PAMBIL"
	},
	{
		"dpa_canton" : "0202",
		"dpa_parroq" : "020250",
		"dpa_despar" : "CHILLANES"
	},
	{
		"dpa_canton" : "0202",
		"dpa_parroq" : "020251",
		"dpa_despar" : "SAN JOSE DEL TAMBO (TAMBOPAMBA)"
	},
	{
		"dpa_canton" : "0203",
		"dpa_parroq" : "020350",
		"dpa_despar" : "SAN JOSE DE CHIMBO"
	},
	{
		"dpa_canton" : "0203",
		"dpa_parroq" : "020351",
		"dpa_despar" : "ASUNCION (ASANCOTO)"
	},
	{
		"dpa_canton" : "0203",
		"dpa_parroq" : "020353",
		"dpa_despar" : "MAGDALENA (CHAPACOTO)"
	},
	{
		"dpa_canton" : "0203",
		"dpa_parroq" : "020354",
		"dpa_despar" : "SAN SEBASTIAN"
	},
	{
		"dpa_canton" : "0203",
		"dpa_parroq" : "020355",
		"dpa_despar" : "TELIMBELA"
	},
	{
		"dpa_canton" : "0204",
		"dpa_parroq" : "020450",
		"dpa_despar" : "ECHEANDIA"
	},
	{
		"dpa_canton" : "0205",
		"dpa_parroq" : "020550",
		"dpa_despar" : "SAN MIGUEL"
	},
	{
		"dpa_canton" : "0205",
		"dpa_parroq" : "020551",
		"dpa_despar" : "BALSAPAMBA"
	},
	{
		"dpa_canton" : "0205",
		"dpa_parroq" : "020552",
		"dpa_despar" : "BILOVAN"
	},
	{
		"dpa_canton" : "0205",
		"dpa_parroq" : "020553",
		"dpa_despar" : "REGULO DE MORA"
	},
	{
		"dpa_canton" : "0205",
		"dpa_parroq" : "020554",
		"dpa_despar" : "SAN PABLO (SAN PABLO DE ATENAS)"
	},
	{
		"dpa_canton" : "0205",
		"dpa_parroq" : "020555",
		"dpa_despar" : "SANTIAGO"
	},
	{
		"dpa_canton" : "0205",
		"dpa_parroq" : "020556",
		"dpa_despar" : "SAN VICENTE"
	},
	{
		"dpa_canton" : "0206",
		"dpa_parroq" : "020650",
		"dpa_despar" : "CALUMA"
	},
	{
		"dpa_canton" : "0207",
		"dpa_parroq" : "020750",
		"dpa_despar" : "LAS NAVES"
	},
	{
		"dpa_canton" : "0301",
		"dpa_parroq" : "030150",
		"dpa_despar" : "AZOGUES"
	},
	{
		"dpa_canton" : "0301",
		"dpa_parroq" : "030151",
		"dpa_despar" : "COJITAMBO"
	},
	{
		"dpa_canton" : "0301",
		"dpa_parroq" : "030153",
		"dpa_despar" : "GUAPAN"
	},
	{
		"dpa_canton" : "0301",
		"dpa_parroq" : "030154",
		"dpa_despar" : "JAVIER LOYOLA (CHUQUIPATA)"
	},
	{
		"dpa_canton" : "0301",
		"dpa_parroq" : "030155",
		"dpa_despar" : "LUIS CORDERO"
	},
	{
		"dpa_canton" : "0301",
		"dpa_parroq" : "030156",
		"dpa_despar" : "PINDILIG"
	},
	{
		"dpa_canton" : "0301",
		"dpa_parroq" : "030157",
		"dpa_despar" : "RIVERA"
	},
	{
		"dpa_canton" : "0301",
		"dpa_parroq" : "030158",
		"dpa_despar" : "SAN MIGUEL"
	},
	{
		"dpa_canton" : "0301",
		"dpa_parroq" : "030160",
		"dpa_despar" : "TADAY"
	},
	{
		"dpa_canton" : "0302",
		"dpa_parroq" : "030250",
		"dpa_despar" : "BIBLIAN"
	},
	{
		"dpa_canton" : "0302",
		"dpa_parroq" : "030251",
		"dpa_despar" : "NAZON (CAB. EN PAMPA DE DOMINGUEZ)"
	},
	{
		"dpa_canton" : "0302",
		"dpa_parroq" : "030252",
		"dpa_despar" : "SAN FRANCISCO DE SAGEO"
	},
	{
		"dpa_canton" : "0302",
		"dpa_parroq" : "030253",
		"dpa_despar" : "TURUPAMBA"
	},
	{
		"dpa_canton" : "0302",
		"dpa_parroq" : "030254",
		"dpa_despar" : "JERUSALEN"
	},
	{
		"dpa_canton" : "0303",
		"dpa_parroq" : "030350",
		"dpa_despar" : "CAÑAR"
	},
	{
		"dpa_canton" : "0303",
		"dpa_parroq" : "030351",
		"dpa_despar" : "CHONTAMARCA"
	},
	{
		"dpa_canton" : "0303",
		"dpa_parroq" : "030352",
		"dpa_despar" : "CHOROCOPTE"
	},
	{
		"dpa_canton" : "0303",
		"dpa_parroq" : "030353",
		"dpa_despar" : "GENERAL MORALES (SOCARTE)"
	},
	{
		"dpa_canton" : "0303",
		"dpa_parroq" : "030354",
		"dpa_despar" : "GUALLETURO"
	},
	{
		"dpa_canton" : "0303",
		"dpa_parroq" : "030355",
		"dpa_despar" : "HONORATO VASQUEZ (TAMBO VIEJO)"
	},
	{
		"dpa_canton" : "0303",
		"dpa_parroq" : "030356",
		"dpa_despar" : "INGAPIRCA"
	},
	{
		"dpa_canton" : "0303",
		"dpa_parroq" : "030357",
		"dpa_despar" : "JUNCAL"
	},
	{
		"dpa_canton" : "0303",
		"dpa_parroq" : "030358",
		"dpa_despar" : "SAN ANTONIO"
	},
	{
		"dpa_canton" : "0303",
		"dpa_parroq" : "030361",
		"dpa_despar" : "ZHUD"
	},
	{
		"dpa_canton" : "0303",
		"dpa_parroq" : "030362",
		"dpa_despar" : "VENTURA"
	},
	{
		"dpa_canton" : "0303",
		"dpa_parroq" : "030363",
		"dpa_despar" : "DUCUR"
	},
	{
		"dpa_canton" : "0304",
		"dpa_parroq" : "030450",
		"dpa_despar" : "LA TRONCAL"
	},
	{
		"dpa_canton" : "0304",
		"dpa_parroq" : "030451",
		"dpa_despar" : "MANUEL J. CALLE"
	},
	{
		"dpa_canton" : "0304",
		"dpa_parroq" : "030452",
		"dpa_despar" : "PANCHO NEGRO"
	},
	{
		"dpa_canton" : "0305",
		"dpa_parroq" : "030550",
		"dpa_despar" : "EL TAMBO"
	},
	{
		"dpa_canton" : "0306",
		"dpa_parroq" : "030650",
		"dpa_despar" : "DELEG"
	},
	{
		"dpa_canton" : "0306",
		"dpa_parroq" : "030651",
		"dpa_despar" : "SOLANO"
	},
	{
		"dpa_canton" : "0307",
		"dpa_parroq" : "030750",
		"dpa_despar" : "SUSCAL"
	},
	{
		"dpa_canton" : "0401",
		"dpa_parroq" : "040150",
		"dpa_despar" : "TULCAN"
	},
	{
		"dpa_canton" : "0401",
		"dpa_parroq" : "040151",
		"dpa_despar" : "EL CARMELO (EL PUN)"
	},
	{
		"dpa_canton" : "0401",
		"dpa_parroq" : "040153",
		"dpa_despar" : "JULIO ANDRADE (OREJUELA)"
	},
	{
		"dpa_canton" : "0401",
		"dpa_parroq" : "040154",
		"dpa_despar" : "MALDONADO"
	},
	{
		"dpa_canton" : "0401",
		"dpa_parroq" : "040155",
		"dpa_despar" : "PIOTER"
	},
	{
		"dpa_canton" : "0401",
		"dpa_parroq" : "040156",
		"dpa_despar" : "TOBAR DONOSO (LA BOCANA DE CAMUMBI)"
	},
	{
		"dpa_canton" : "0401",
		"dpa_parroq" : "040157",
		"dpa_despar" : "TUFIÑO"
	},
	{
		"dpa_canton" : "0401",
		"dpa_parroq" : "040158",
		"dpa_despar" : "URBINA (TAYA)"
	},
	{
		"dpa_canton" : "0401",
		"dpa_parroq" : "040159",
		"dpa_despar" : "EL CHICAL"
	},
	{
		"dpa_canton" : "0401",
		"dpa_parroq" : "040161",
		"dpa_despar" : "SANTA MARTHA DE CUBA"
	},
	{
		"dpa_canton" : "0402",
		"dpa_parroq" : "040250",
		"dpa_despar" : "BOLIVAR"
	},
	{
		"dpa_canton" : "0402",
		"dpa_parroq" : "040251",
		"dpa_despar" : "GARCIA MORENO"
	},
	{
		"dpa_canton" : "0402",
		"dpa_parroq" : "040252",
		"dpa_despar" : "LOS ANDES"
	},
	{
		"dpa_canton" : "0402",
		"dpa_parroq" : "040253",
		"dpa_despar" : "MONTE OLIVO"
	},
	{
		"dpa_canton" : "0402",
		"dpa_parroq" : "040254",
		"dpa_despar" : "SAN VICENTE DE PUSIR"
	},
	{
		"dpa_canton" : "0402",
		"dpa_parroq" : "040255",
		"dpa_despar" : "SAN RAFAEL"
	},
	{
		"dpa_canton" : "0403",
		"dpa_parroq" : "040350",
		"dpa_despar" : "EL ANGEL"
	},
	{
		"dpa_canton" : "0403",
		"dpa_parroq" : "040351",
		"dpa_despar" : "EL GOALTAL"
	},
	{
		"dpa_canton" : "0403",
		"dpa_parroq" : "040352",
		"dpa_despar" : "LA LIBERTAD (ALIZO)"
	},
	{
		"dpa_canton" : "0403",
		"dpa_parroq" : "040353",
		"dpa_despar" : "SAN ISIDRO"
	},
	{
		"dpa_canton" : "0404",
		"dpa_parroq" : "040450",
		"dpa_despar" : "MIRA (CHONTAHUASI)"
	},
	{
		"dpa_canton" : "0404",
		"dpa_parroq" : "040451",
		"dpa_despar" : "CONCEPCION"
	},
	{
		"dpa_canton" : "0404",
		"dpa_parroq" : "040452",
		"dpa_despar" : "JIJON Y CAAMAÑO (CAB. EN RIO BLANCO)"
	},
	{
		"dpa_canton" : "0404",
		"dpa_parroq" : "040453",
		"dpa_despar" : "JUAN MONTALVO (SAN IGNACIO DE QUIL)"
	},
	{
		"dpa_canton" : "0405",
		"dpa_parroq" : "040550",
		"dpa_despar" : "SAN GABRIEL"
	},
	{
		"dpa_canton" : "0405",
		"dpa_parroq" : "040551",
		"dpa_despar" : "CRISTOBAL COLON"
	},
	{
		"dpa_canton" : "0405",
		"dpa_parroq" : "040552",
		"dpa_despar" : "CHITAN DE NAVARRETE"
	},
	{
		"dpa_canton" : "0405",
		"dpa_parroq" : "040553",
		"dpa_despar" : "FERNANDEZ SALVADOR"
	},
	{
		"dpa_canton" : "0405",
		"dpa_parroq" : "040554",
		"dpa_despar" : "LA PAZ"
	},
	{
		"dpa_canton" : "0405",
		"dpa_parroq" : "040555",
		"dpa_despar" : "PIARTAL"
	},
	{
		"dpa_canton" : "0406",
		"dpa_parroq" : "040650",
		"dpa_despar" : "HUACA"
	},
	{
		"dpa_canton" : "0406",
		"dpa_parroq" : "040651",
		"dpa_despar" : "MARISCAL SUCRE"
	},
	{
		"dpa_canton" : "0501",
		"dpa_parroq" : "050150",
		"dpa_despar" : "LATACUNGA"
	},
	{
		"dpa_canton" : "0501",
		"dpa_parroq" : "050151",
		"dpa_despar" : "ALAQUES (ALAQUEZ)"
	},
	{
		"dpa_canton" : "0501",
		"dpa_parroq" : "050152",
		"dpa_despar" : "BELISARIO QUEVEDO (GUANAILIN)"
	},
	{
		"dpa_canton" : "0501",
		"dpa_parroq" : "050153",
		"dpa_despar" : "GUAITACAMA (GUAYTACAMA)"
	},
	{
		"dpa_canton" : "0501",
		"dpa_parroq" : "050154",
		"dpa_despar" : "JOSEGUANGO BAJO"
	},
	{
		"dpa_canton" : "0501",
		"dpa_parroq" : "050156",
		"dpa_despar" : "MULALO"
	},
	{
		"dpa_canton" : "0501",
		"dpa_parroq" : "050157",
		"dpa_despar" : "11 DE NOVIEMBRE (ILINCHISI)"
	},
	{
		"dpa_canton" : "0501",
		"dpa_parroq" : "050158",
		"dpa_despar" : "POALO"
	},
	{
		"dpa_canton" : "0501",
		"dpa_parroq" : "050159",
		"dpa_despar" : "SAN JUAN DE PASTOCALLE"
	},
	{
		"dpa_canton" : "0501",
		"dpa_parroq" : "050161",
		"dpa_despar" : "TANICUCHI"
	},
	{
		"dpa_canton" : "0501",
		"dpa_parroq" : "050162",
		"dpa_despar" : "TOACASO"
	},
	{
		"dpa_canton" : "0502",
		"dpa_parroq" : "050250",
		"dpa_despar" : "LA MANA"
	},
	{
		"dpa_canton" : "0502",
		"dpa_parroq" : "050251",
		"dpa_despar" : "GUASAGANDA (CAB. EN GUASAGANDA CENTRO)"
	},
	{
		"dpa_canton" : "0502",
		"dpa_parroq" : "050252",
		"dpa_despar" : "PUCAYACU"
	},
	{
		"dpa_canton" : "0503",
		"dpa_parroq" : "050350",
		"dpa_despar" : "EL CORAZON"
	},
	{
		"dpa_canton" : "0503",
		"dpa_parroq" : "050351",
		"dpa_despar" : "MORASPUNGO"
	},
	{
		"dpa_canton" : "0503",
		"dpa_parroq" : "050352",
		"dpa_despar" : "PINLLOPATA"
	},
	{
		"dpa_canton" : "0503",
		"dpa_parroq" : "050353",
		"dpa_despar" : "RAMON CAMPAÑA"
	},
	{
		"dpa_canton" : "0504",
		"dpa_parroq" : "050450",
		"dpa_despar" : "PUJILI"
	},
	{
		"dpa_canton" : "0504",
		"dpa_parroq" : "050451",
		"dpa_despar" : "ANGAMARCA"
	},
	{
		"dpa_canton" : "0504",
		"dpa_parroq" : "050453",
		"dpa_despar" : "GUANGAJE"
	},
	{
		"dpa_canton" : "0504",
		"dpa_parroq" : "050455",
		"dpa_despar" : "LA VICTORIA"
	},
	{
		"dpa_canton" : "0504",
		"dpa_parroq" : "050456",
		"dpa_despar" : "PILALO"
	},
	{
		"dpa_canton" : "0504",
		"dpa_parroq" : "050457",
		"dpa_despar" : "TINGO"
	},
	{
		"dpa_canton" : "0504",
		"dpa_parroq" : "050458",
		"dpa_despar" : "ZUMBAHUA"
	},
	{
		"dpa_canton" : "0505",
		"dpa_parroq" : "050550",
		"dpa_despar" : "SAN MIGUEL"
	},
	{
		"dpa_canton" : "0505",
		"dpa_parroq" : "050551",
		"dpa_despar" : "ANTONIO JOSE HOLGUIN (SANTA LUCIA)"
	},
	{
		"dpa_canton" : "0505",
		"dpa_parroq" : "050552",
		"dpa_despar" : "CUSUBAMBA"
	},
	{
		"dpa_canton" : "0505",
		"dpa_parroq" : "050553",
		"dpa_despar" : "MULALILLO"
	},
	{
		"dpa_canton" : "0505",
		"dpa_parroq" : "050554",
		"dpa_despar" : "MULLIQUINDIL (SANTA ANA)"
	},
	{
		"dpa_canton" : "0505",
		"dpa_parroq" : "050555",
		"dpa_despar" : "PANSALEO"
	},
	{
		"dpa_canton" : "0506",
		"dpa_parroq" : "050650",
		"dpa_despar" : "SAQUISILI"
	},
	{
		"dpa_canton" : "0506",
		"dpa_parroq" : "050651",
		"dpa_despar" : "CANCHAGUA"
	},
	{
		"dpa_canton" : "0506",
		"dpa_parroq" : "050652",
		"dpa_despar" : "CHANTILIN"
	},
	{
		"dpa_canton" : "0506",
		"dpa_parroq" : "050653",
		"dpa_despar" : "COCHAPAMBA"
	},
	{
		"dpa_canton" : "0507",
		"dpa_parroq" : "050750",
		"dpa_despar" : "SIGCHOS"
	},
	{
		"dpa_canton" : "0507",
		"dpa_parroq" : "050751",
		"dpa_despar" : "CHUGCHILLAN"
	},
	{
		"dpa_canton" : "0507",
		"dpa_parroq" : "050752",
		"dpa_despar" : "ISINLIVI"
	},
	{
		"dpa_canton" : "0507",
		"dpa_parroq" : "050753",
		"dpa_despar" : "LAS PAMPAS"
	},
	{
		"dpa_canton" : "0507",
		"dpa_parroq" : "050754",
		"dpa_despar" : "PALO QUEMADO"
	},
	{
		"dpa_canton" : "0601",
		"dpa_parroq" : "060150",
		"dpa_despar" : "RIOBAMBA"
	},
	{
		"dpa_canton" : "0601",
		"dpa_parroq" : "060151",
		"dpa_despar" : "CACHA (CAB. EN MACHANGARA)"
	},
	{
		"dpa_canton" : "0601",
		"dpa_parroq" : "060152",
		"dpa_despar" : "CALPI"
	},
	{
		"dpa_canton" : "0601",
		"dpa_parroq" : "060153",
		"dpa_despar" : "CUBIJIES"
	},
	{
		"dpa_canton" : "0601",
		"dpa_parroq" : "060154",
		"dpa_despar" : "FLORES"
	},
	{
		"dpa_canton" : "0601",
		"dpa_parroq" : "060155",
		"dpa_despar" : "LICAN"
	},
	{
		"dpa_canton" : "0601",
		"dpa_parroq" : "060156",
		"dpa_despar" : "LICTO"
	},
	{
		"dpa_canton" : "0601",
		"dpa_parroq" : "060157",
		"dpa_despar" : "PUNGALA"
	},
	{
		"dpa_canton" : "0601",
		"dpa_parroq" : "060158",
		"dpa_despar" : "PUNIN"
	},
	{
		"dpa_canton" : "0601",
		"dpa_parroq" : "060159",
		"dpa_despar" : "QUIMIAG"
	},
	{
		"dpa_canton" : "0601",
		"dpa_parroq" : "060160",
		"dpa_despar" : "SAN JUAN"
	},
	{
		"dpa_canton" : "0601",
		"dpa_parroq" : "060161",
		"dpa_despar" : "SAN LUIS"
	},
	{
		"dpa_canton" : "0602",
		"dpa_parroq" : "060250",
		"dpa_despar" : "ALAUSI"
	},
	{
		"dpa_canton" : "0602",
		"dpa_parroq" : "060251",
		"dpa_despar" : "ACHUPALLAS"
	},
	{
		"dpa_canton" : "0602",
		"dpa_parroq" : "060253",
		"dpa_despar" : "GUASUNTOS"
	},
	{
		"dpa_canton" : "0602",
		"dpa_parroq" : "060254",
		"dpa_despar" : "HUIGRA"
	},
	{
		"dpa_canton" : "0602",
		"dpa_parroq" : "060255",
		"dpa_despar" : "MULTITUD"
	},
	{
		"dpa_canton" : "0602",
		"dpa_parroq" : "060256",
		"dpa_despar" : "PISTISHI (NARIZ DEL DIABLO)"
	},
	{
		"dpa_canton" : "0602",
		"dpa_parroq" : "060257",
		"dpa_despar" : "PUMALLACTA"
	},
	{
		"dpa_canton" : "0602",
		"dpa_parroq" : "060258",
		"dpa_despar" : "SEVILLA"
	},
	{
		"dpa_canton" : "0602",
		"dpa_parroq" : "060259",
		"dpa_despar" : "SIBAMBE"
	},
	{
		"dpa_canton" : "0602",
		"dpa_parroq" : "060260",
		"dpa_despar" : "TIXAN"
	},
	{
		"dpa_canton" : "0603",
		"dpa_parroq" : "060350",
		"dpa_despar" : "VILLA LA UNION (CAJABAMBA)"
	},
	{
		"dpa_canton" : "0603",
		"dpa_parroq" : "060351",
		"dpa_despar" : "CAÑI"
	},
	{
		"dpa_canton" : "0603",
		"dpa_parroq" : "060352",
		"dpa_despar" : "COLUMBE"
	},
	{
		"dpa_canton" : "0603",
		"dpa_parroq" : "060353",
		"dpa_despar" : "JUAN DE VELASCO (PANGOR)"
	},
	{
		"dpa_canton" : "0603",
		"dpa_parroq" : "060354",
		"dpa_despar" : "SANTIAGO DE QUITO (CAB. EN SAN ANTONIO DE QUITO)"
	},
	{
		"dpa_canton" : "0604",
		"dpa_parroq" : "060450",
		"dpa_despar" : "CHAMBO"
	},
	{
		"dpa_canton" : "0605",
		"dpa_parroq" : "060550",
		"dpa_despar" : "CHUNCHI"
	},
	{
		"dpa_canton" : "0605",
		"dpa_parroq" : "060551",
		"dpa_despar" : "CAPZOL"
	},
	{
		"dpa_canton" : "0605",
		"dpa_parroq" : "060552",
		"dpa_despar" : "COMPUD"
	},
	{
		"dpa_canton" : "0605",
		"dpa_parroq" : "060553",
		"dpa_despar" : "GONZOL"
	},
	{
		"dpa_canton" : "0605",
		"dpa_parroq" : "060554",
		"dpa_despar" : "LLAGOS"
	},
	{
		"dpa_canton" : "0606",
		"dpa_parroq" : "060650",
		"dpa_despar" : "GUAMOTE"
	},
	{
		"dpa_canton" : "0606",
		"dpa_parroq" : "060651",
		"dpa_despar" : "CEBADAS"
	},
	{
		"dpa_canton" : "0606",
		"dpa_parroq" : "060652",
		"dpa_despar" : "PALMIRA"
	},
	{
		"dpa_canton" : "0607",
		"dpa_parroq" : "060750",
		"dpa_despar" : "GUANO"
	},
	{
		"dpa_canton" : "0607",
		"dpa_parroq" : "060751",
		"dpa_despar" : "GUANANDO"
	},
	{
		"dpa_canton" : "0607",
		"dpa_parroq" : "060752",
		"dpa_despar" : "ILAPO"
	},
	{
		"dpa_canton" : "0607",
		"dpa_parroq" : "060753",
		"dpa_despar" : "LA PROVIDENCIA"
	},
	{
		"dpa_canton" : "0607",
		"dpa_parroq" : "060754",
		"dpa_despar" : "SAN ANDRES"
	},
	{
		"dpa_canton" : "0607",
		"dpa_parroq" : "060755",
		"dpa_despar" : "SAN GERARDO DE PACAICAGUAN"
	},
	{
		"dpa_canton" : "0607",
		"dpa_parroq" : "060756",
		"dpa_despar" : "SAN ISIDRO DE PATULU"
	},
	{
		"dpa_canton" : "0607",
		"dpa_parroq" : "060757",
		"dpa_despar" : "SAN JOSE DEL CHAZO"
	},
	{
		"dpa_canton" : "0607",
		"dpa_parroq" : "060758",
		"dpa_despar" : "SANTA FE DE GALAN"
	},
	{
		"dpa_canton" : "0607",
		"dpa_parroq" : "060759",
		"dpa_despar" : "VALPARAISO"
	},
	{
		"dpa_canton" : "0608",
		"dpa_parroq" : "060850",
		"dpa_despar" : "PALLATANGA"
	},
	{
		"dpa_canton" : "0609",
		"dpa_parroq" : "060950",
		"dpa_despar" : "PENIPE"
	},
	{
		"dpa_canton" : "0609",
		"dpa_parroq" : "060951",
		"dpa_despar" : "EL ALTAR"
	},
	{
		"dpa_canton" : "0609",
		"dpa_parroq" : "060952",
		"dpa_despar" : "MATUS"
	},
	{
		"dpa_canton" : "0609",
		"dpa_parroq" : "060953",
		"dpa_despar" : "PUELA"
	},
	{
		"dpa_canton" : "0609",
		"dpa_parroq" : "060954",
		"dpa_despar" : "SAN ANTONIO DE BAYUSHIG"
	},
	{
		"dpa_canton" : "0609",
		"dpa_parroq" : "060955",
		"dpa_despar" : "LA CANDELARIA"
	},
	{
		"dpa_canton" : "0609",
		"dpa_parroq" : "060956",
		"dpa_despar" : "BILBAO (CAB. EN QUILLUYACU)"
	},
	{
		"dpa_canton" : "0610",
		"dpa_parroq" : "061050",
		"dpa_despar" : "CUMANDA"
	},
	{
		"dpa_canton" : "0701",
		"dpa_parroq" : "070150",
		"dpa_despar" : "MACHALA"
	},
	{
		"dpa_canton" : "0701",
		"dpa_parroq" : "070152",
		"dpa_despar" : "EL RETIRO"
	},
	{
		"dpa_canton" : "0702",
		"dpa_parroq" : "070250",
		"dpa_despar" : "ARENILLAS"
	},
	{
		"dpa_canton" : "0702",
		"dpa_parroq" : "070251",
		"dpa_despar" : "CHACRAS"
	},
	{
		"dpa_canton" : "0702",
		"dpa_parroq" : "070254",
		"dpa_despar" : "PALMALES"
	},
	{
		"dpa_canton" : "0702",
		"dpa_parroq" : "070255",
		"dpa_despar" : "CARCABON"
	},
	{
		"dpa_canton" : "0702",
		"dpa_parroq" : "070256",
		"dpa_despar" : "LA CUCA"
	},
	{
		"dpa_canton" : "0703",
		"dpa_parroq" : "070350",
		"dpa_despar" : "PACCHA"
	},
	{
		"dpa_canton" : "0703",
		"dpa_parroq" : "070351",
		"dpa_despar" : "AYAPAMBA"
	},
	{
		"dpa_canton" : "0703",
		"dpa_parroq" : "070352",
		"dpa_despar" : "CORDONCILLO"
	},
	{
		"dpa_canton" : "0703",
		"dpa_parroq" : "070353",
		"dpa_despar" : "MILAGRO"
	},
	{
		"dpa_canton" : "0703",
		"dpa_parroq" : "070354",
		"dpa_despar" : "SAN JOSE"
	},
	{
		"dpa_canton" : "0703",
		"dpa_parroq" : "070355",
		"dpa_despar" : "SAN JUAN DE CERRO AZUL"
	},
	{
		"dpa_canton" : "0704",
		"dpa_parroq" : "070450",
		"dpa_despar" : "BALSAS"
	},
	{
		"dpa_canton" : "0704",
		"dpa_parroq" : "070451",
		"dpa_despar" : "BELLAMARIA"
	},
	{
		"dpa_canton" : "0705",
		"dpa_parroq" : "070550",
		"dpa_despar" : "CHILLA"
	},
	{
		"dpa_canton" : "0706",
		"dpa_parroq" : "070650",
		"dpa_despar" : "EL GUABO"
	},
	{
		"dpa_canton" : "0706",
		"dpa_parroq" : "070651",
		"dpa_despar" : "BARBONES (SUCRE)"
	},
	{
		"dpa_canton" : "0706",
		"dpa_parroq" : "070652",
		"dpa_despar" : "LA IBERIA"
	},
	{
		"dpa_canton" : "0706",
		"dpa_parroq" : "070653",
		"dpa_despar" : "TENDALES (CAB. EN PUERTO TENDALES)"
	},
	{
		"dpa_canton" : "0706",
		"dpa_parroq" : "070654",
		"dpa_despar" : "RIO BONITO"
	},
	{
		"dpa_canton" : "0707",
		"dpa_parroq" : "070750",
		"dpa_despar" : "HUAQUILLAS"
	},
	{
		"dpa_canton" : "0708",
		"dpa_parroq" : "070850",
		"dpa_despar" : "MARCABELI"
	},
	{
		"dpa_canton" : "0708",
		"dpa_parroq" : "070851",
		"dpa_despar" : "EL INGENIO"
	},
	{
		"dpa_canton" : "0709",
		"dpa_parroq" : "070950",
		"dpa_despar" : "PASAJE"
	},
	{
		"dpa_canton" : "0709",
		"dpa_parroq" : "070951",
		"dpa_despar" : "BUENAVISTA"
	},
	{
		"dpa_canton" : "0709",
		"dpa_parroq" : "070952",
		"dpa_despar" : "CASACAY"
	},
	{
		"dpa_canton" : "0709",
		"dpa_parroq" : "070953",
		"dpa_despar" : "LA PEAÑA"
	},
	{
		"dpa_canton" : "0709",
		"dpa_parroq" : "070954",
		"dpa_despar" : "PROGRESO"
	},
	{
		"dpa_canton" : "0709",
		"dpa_parroq" : "070955",
		"dpa_despar" : "UZHCURRUMI"
	},
	{
		"dpa_canton" : "0709",
		"dpa_parroq" : "070956",
		"dpa_despar" : "CAÑAQUEMADA"
	},
	{
		"dpa_canton" : "0710",
		"dpa_parroq" : "071050",
		"dpa_despar" : "PIÑAS"
	},
	{
		"dpa_canton" : "0710",
		"dpa_parroq" : "071051",
		"dpa_despar" : "CAPIRO (CAB. EN LA CAPILLA DE CAPIRO)"
	},
	{
		"dpa_canton" : "0710",
		"dpa_parroq" : "071052",
		"dpa_despar" : "LA BOCANA"
	},
	{
		"dpa_canton" : "0710",
		"dpa_parroq" : "071053",
		"dpa_despar" : "MOROMORO (CAB. EN EL VADO)"
	},
	{
		"dpa_canton" : "0710",
		"dpa_parroq" : "071054",
		"dpa_despar" : "PIEDRAS"
	},
	{
		"dpa_canton" : "0710",
		"dpa_parroq" : "071055",
		"dpa_despar" : "SAN ROQUE (AMBROSIO MALDONADO)"
	},
	{
		"dpa_canton" : "0710",
		"dpa_parroq" : "071056",
		"dpa_despar" : "SARACAY"
	},
	{
		"dpa_canton" : "0711",
		"dpa_parroq" : "071150",
		"dpa_despar" : "PORTOVELO"
	},
	{
		"dpa_canton" : "0711",
		"dpa_parroq" : "071151",
		"dpa_despar" : "CURTINCAPA"
	},
	{
		"dpa_canton" : "0711",
		"dpa_parroq" : "071152",
		"dpa_despar" : "MORALES"
	},
	{
		"dpa_canton" : "0711",
		"dpa_parroq" : "071153",
		"dpa_despar" : "SALATI"
	},
	{
		"dpa_canton" : "0712",
		"dpa_parroq" : "071250",
		"dpa_despar" : "SANTA ROSA"
	},
	{
		"dpa_canton" : "0712",
		"dpa_parroq" : "071251",
		"dpa_despar" : "BELLAVISTA"
	},
	{
		"dpa_canton" : "0712",
		"dpa_parroq" : "071252",
		"dpa_despar" : "JAMBELI"
	},
	{
		"dpa_canton" : "0712",
		"dpa_parroq" : "071253",
		"dpa_despar" : "LA AVANZADA"
	},
	{
		"dpa_canton" : "0712",
		"dpa_parroq" : "071254",
		"dpa_despar" : "SAN ANTONIO"
	},
	{
		"dpa_canton" : "0712",
		"dpa_parroq" : "071255",
		"dpa_despar" : "TORATA"
	},
	{
		"dpa_canton" : "0712",
		"dpa_parroq" : "071256",
		"dpa_despar" : "VICTORIA"
	},
	{
		"dpa_canton" : "0712",
		"dpa_parroq" : "071257",
		"dpa_despar" : "BELLAMARIA"
	},
	{
		"dpa_canton" : "0713",
		"dpa_parroq" : "071350",
		"dpa_despar" : "ZARUMA"
	},
	{
		"dpa_canton" : "0713",
		"dpa_parroq" : "071351",
		"dpa_despar" : "ABAÑIN"
	},
	{
		"dpa_canton" : "0713",
		"dpa_parroq" : "071352",
		"dpa_despar" : "ARCAPAMBA"
	},
	{
		"dpa_canton" : "0713",
		"dpa_parroq" : "071353",
		"dpa_despar" : "GUANAZAN"
	},
	{
		"dpa_canton" : "0713",
		"dpa_parroq" : "071354",
		"dpa_despar" : "GUIZHAGUIÑA"
	},
	{
		"dpa_canton" : "0713",
		"dpa_parroq" : "071355",
		"dpa_despar" : "HUERTAS"
	},
	{
		"dpa_canton" : "0713",
		"dpa_parroq" : "071356",
		"dpa_despar" : "MALVAS"
	},
	{
		"dpa_canton" : "0713",
		"dpa_parroq" : "071357",
		"dpa_despar" : "MULUNCAY GRANDE"
	},
	{
		"dpa_canton" : "0713",
		"dpa_parroq" : "071358",
		"dpa_despar" : "SINSAO"
	},
	{
		"dpa_canton" : "0713",
		"dpa_parroq" : "071359",
		"dpa_despar" : "SALVIAS"
	},
	{
		"dpa_canton" : "0714",
		"dpa_parroq" : "071450",
		"dpa_despar" : "LA VICTORIA"
	},
	{
		"dpa_canton" : "0714",
		"dpa_parroq" : "071451",
		"dpa_despar" : "LA LIBERTAD"
	},
	{
		"dpa_canton" : "0714",
		"dpa_parroq" : "071452",
		"dpa_despar" : "EL PARAISO"
	},
	{
		"dpa_canton" : "0714",
		"dpa_parroq" : "071453",
		"dpa_despar" : "SAN ISIDRO"
	},
	{
		"dpa_canton" : "0801",
		"dpa_parroq" : "080150",
		"dpa_despar" : "ESMERALDAS"
	},
	{
		"dpa_canton" : "0801",
		"dpa_parroq" : "080152",
		"dpa_despar" : "CAMARONES (CAB. EN SAN VICENTE)"
	},
	{
		"dpa_canton" : "0801",
		"dpa_parroq" : "080153",
		"dpa_despar" : "CORONEL CARLOS CONCHA TORRES (CAB. EN HUELE)"
	},
	{
		"dpa_canton" : "0801",
		"dpa_parroq" : "080154",
		"dpa_despar" : "CHINCA"
	},
	{
		"dpa_canton" : "0801",
		"dpa_parroq" : "080159",
		"dpa_despar" : "MAJUA"
	},
	{
		"dpa_canton" : "0801",
		"dpa_parroq" : "080163",
		"dpa_despar" : "SAN MATEO"
	},
	{
		"dpa_canton" : "0801",
		"dpa_parroq" : "080165",
		"dpa_despar" : "TABIAZO"
	},
	{
		"dpa_canton" : "0801",
		"dpa_parroq" : "080166",
		"dpa_despar" : "TACHINA"
	},
	{
		"dpa_canton" : "0801",
		"dpa_parroq" : "080168",
		"dpa_despar" : "VUELTA LARGA"
	},
	{
		"dpa_canton" : "0802",
		"dpa_parroq" : "080250",
		"dpa_despar" : "VALDEZ (LIMONES)"
	},
	{
		"dpa_canton" : "0802",
		"dpa_parroq" : "080251",
		"dpa_despar" : "ANCHAYACU"
	},
	{
		"dpa_canton" : "0802",
		"dpa_parroq" : "080252",
		"dpa_despar" : "ATAHUALPA (CAB. EN CAMARONES)"
	},
	{
		"dpa_canton" : "0802",
		"dpa_parroq" : "080253",
		"dpa_despar" : "BORBON"
	},
	{
		"dpa_canton" : "0802",
		"dpa_parroq" : "080254",
		"dpa_despar" : "LA TOLA"
	},
	{
		"dpa_canton" : "0802",
		"dpa_parroq" : "080255",
		"dpa_despar" : "LUIS VARGAS TORRES (CAB. EN PLAYA DE ORO)"
	},
	{
		"dpa_canton" : "0802",
		"dpa_parroq" : "080256",
		"dpa_despar" : "MALDONADO"
	},
	{
		"dpa_canton" : "0802",
		"dpa_parroq" : "080257",
		"dpa_despar" : "PAMPANAL DE BOLIVAR"
	},
	{
		"dpa_canton" : "0802",
		"dpa_parroq" : "080258",
		"dpa_despar" : "SAN FRANCISCO DE ONZOLE"
	},
	{
		"dpa_canton" : "0802",
		"dpa_parroq" : "080259",
		"dpa_despar" : "SANTO DOMINGO DE ONZOLE"
	},
	{
		"dpa_canton" : "0802",
		"dpa_parroq" : "080260",
		"dpa_despar" : "SELVA ALEGRE"
	},
	{
		"dpa_canton" : "0802",
		"dpa_parroq" : "080261",
		"dpa_despar" : "TELEMBI"
	},
	{
		"dpa_canton" : "0802",
		"dpa_parroq" : "080262",
		"dpa_despar" : "COLON ELOY DEL MARIA"
	},
	{
		"dpa_canton" : "0802",
		"dpa_parroq" : "080263",
		"dpa_despar" : "SAN JOSE DE CAYAPAS"
	},
	{
		"dpa_canton" : "0802",
		"dpa_parroq" : "080264",
		"dpa_despar" : "TIMBIRE"
	},
	{
		"dpa_canton" : "0802",
		"dpa_parroq" : "080265",
		"dpa_despar" : "SANTA LUCIA DE LAS PEÑAS"
	},
	{
		"dpa_canton" : "0803",
		"dpa_parroq" : "080350",
		"dpa_despar" : "MUISNE"
	},
	{
		"dpa_canton" : "0803",
		"dpa_parroq" : "080351",
		"dpa_despar" : "BOLIVAR"
	},
	{
		"dpa_canton" : "0803",
		"dpa_parroq" : "080352",
		"dpa_despar" : "DAULE"
	},
	{
		"dpa_canton" : "0803",
		"dpa_parroq" : "080353",
		"dpa_despar" : "GALERA"
	},
	{
		"dpa_canton" : "0803",
		"dpa_parroq" : "080354",
		"dpa_despar" : "QUINGUE (OLMEDO PERDOMO FRANCO)"
	},
	{
		"dpa_canton" : "0803",
		"dpa_parroq" : "080355",
		"dpa_despar" : "SALIMA"
	},
	{
		"dpa_canton" : "0803",
		"dpa_parroq" : "080356",
		"dpa_despar" : "SAN FRANCISCO"
	},
	{
		"dpa_canton" : "0803",
		"dpa_parroq" : "080357",
		"dpa_despar" : "SAN GREGORIO"
	},
	{
		"dpa_canton" : "0803",
		"dpa_parroq" : "080358",
		"dpa_despar" : "SAN JOSE DE CHAMANGA"
	},
	{
		"dpa_canton" : "0804",
		"dpa_parroq" : "080450",
		"dpa_despar" : "ROSA ZARATE (QUININDE)"
	},
	{
		"dpa_canton" : "0804",
		"dpa_parroq" : "080451",
		"dpa_despar" : "CUBE"
	},
	{
		"dpa_canton" : "0804",
		"dpa_parroq" : "080452",
		"dpa_despar" : "CHURA (CHANCAMA) (CAB. EN EL YERBERO)"
	},
	{
		"dpa_canton" : "0804",
		"dpa_parroq" : "080453",
		"dpa_despar" : "MALIMPIA"
	},
	{
		"dpa_canton" : "0804",
		"dpa_parroq" : "080454",
		"dpa_despar" : "VICHE"
	},
	{
		"dpa_canton" : "0804",
		"dpa_parroq" : "080455",
		"dpa_despar" : "LA UNION"
	},
	{
		"dpa_canton" : "0805",
		"dpa_parroq" : "080550",
		"dpa_despar" : "SAN LORENZO"
	},
	{
		"dpa_canton" : "0805",
		"dpa_parroq" : "080551",
		"dpa_despar" : "ALTO TAMBO (CAB EN GUADUAL)"
	},
	{
		"dpa_canton" : "0805",
		"dpa_parroq" : "080552",
		"dpa_despar" : "ANCON (PICHANGAL) (CAB. EN PALMA REAL)"
	},
	{
		"dpa_canton" : "0805",
		"dpa_parroq" : "080553",
		"dpa_despar" : "CALDERON"
	},
	{
		"dpa_canton" : "0805",
		"dpa_parroq" : "080554",
		"dpa_despar" : "CARONDELET"
	},
	{
		"dpa_canton" : "0805",
		"dpa_parroq" : "080555",
		"dpa_despar" : "5 DE JUNIO (CAB. EN UIMBI)"
	},
	{
		"dpa_canton" : "0805",
		"dpa_parroq" : "080556",
		"dpa_despar" : "CONCEPCION"
	},
	{
		"dpa_canton" : "0805",
		"dpa_parroq" : "080557",
		"dpa_despar" : "MATAJE (CAB. EN SANTANDER)"
	},
	{
		"dpa_canton" : "0805",
		"dpa_parroq" : "080558",
		"dpa_despar" : "SAN JAVIER DE CACHAVI (CAB. EN SAN JAVIER)"
	},
	{
		"dpa_canton" : "0805",
		"dpa_parroq" : "080559",
		"dpa_despar" : "SANTA RITA"
	},
	{
		"dpa_canton" : "0805",
		"dpa_parroq" : "080560",
		"dpa_despar" : "TAMBILLO"
	},
	{
		"dpa_canton" : "0805",
		"dpa_parroq" : "080561",
		"dpa_despar" : "TULULBI (CAB. EN RICAURTE)"
	},
	{
		"dpa_canton" : "0805",
		"dpa_parroq" : "080562",
		"dpa_despar" : "URBINA"
	},
	{
		"dpa_canton" : "0806",
		"dpa_parroq" : "080650",
		"dpa_despar" : "ATACAMES"
	},
	{
		"dpa_canton" : "0806",
		"dpa_parroq" : "080651",
		"dpa_despar" : "LA UNION"
	},
	{
		"dpa_canton" : "0806",
		"dpa_parroq" : "080652",
		"dpa_despar" : "SUA (CAB. EN LA BOCANA)"
	},
	{
		"dpa_canton" : "0806",
		"dpa_parroq" : "080653",
		"dpa_despar" : "TONCHIGUE"
	},
	{
		"dpa_canton" : "0806",
		"dpa_parroq" : "080654",
		"dpa_despar" : "TONSUPA"
	},
	{
		"dpa_canton" : "0807",
		"dpa_parroq" : "080750",
		"dpa_despar" : "RIOVERDE"
	},
	{
		"dpa_canton" : "0807",
		"dpa_parroq" : "080751",
		"dpa_despar" : "CHONTADURO"
	},
	{
		"dpa_canton" : "0807",
		"dpa_parroq" : "080752",
		"dpa_despar" : "CHUMUNDE"
	},
	{
		"dpa_canton" : "0807",
		"dpa_parroq" : "080753",
		"dpa_despar" : "LAGARTO"
	},
	{
		"dpa_canton" : "0807",
		"dpa_parroq" : "080754",
		"dpa_despar" : "MONTALVO (CAB EN HORQUETA)"
	},
	{
		"dpa_canton" : "0807",
		"dpa_parroq" : "080755",
		"dpa_despar" : "ROCAFUERTE"
	},
	{
		"dpa_canton" : "0901",
		"dpa_parroq" : "090150",
		"dpa_despar" : "GUAYAQUIL"
	},
	{
		"dpa_canton" : "0901",
		"dpa_parroq" : "090152",
		"dpa_despar" : "JUAN GOMEZ RENDON (PROGRESO)"
	},
	{
		"dpa_canton" : "0901",
		"dpa_parroq" : "090153",
		"dpa_despar" : "MORRO"
	},
	{
		"dpa_canton" : "0901",
		"dpa_parroq" : "090156",
		"dpa_despar" : "POSORJA"
	},
	{
		"dpa_canton" : "0901",
		"dpa_parroq" : "090157",
		"dpa_despar" : "PUNA"
	},
	{
		"dpa_canton" : "0901",
		"dpa_parroq" : "090158",
		"dpa_despar" : "TENGUEL"
	},
	{
		"dpa_canton" : "0902",
		"dpa_parroq" : "090250",
		"dpa_despar" : "ALFREDO BAQUERIZO MORENO (JUJAN)"
	},
	{
		"dpa_canton" : "0903",
		"dpa_parroq" : "090350",
		"dpa_despar" : "BALAO"
	},
	{
		"dpa_canton" : "0904",
		"dpa_parroq" : "090450",
		"dpa_despar" : "BALZAR"
	},
	{
		"dpa_canton" : "0905",
		"dpa_parroq" : "090550",
		"dpa_despar" : "COLIMES"
	},
	{
		"dpa_canton" : "0905",
		"dpa_parroq" : "090551",
		"dpa_despar" : "SAN JACINTO"
	},
	{
		"dpa_canton" : "0906",
		"dpa_parroq" : "090650",
		"dpa_despar" : "DAULE"
	},
	{
		"dpa_canton" : "0906",
		"dpa_parroq" : "090652",
		"dpa_despar" : "JUAN BAUTISTA AGUIRRE (LOS TINTOS)"
	},
	{
		"dpa_canton" : "0906",
		"dpa_parroq" : "090653",
		"dpa_despar" : "LAUREL"
	},
	{
		"dpa_canton" : "0906",
		"dpa_parroq" : "090654",
		"dpa_despar" : "LIMONAL"
	},
	{
		"dpa_canton" : "0906",
		"dpa_parroq" : "090656",
		"dpa_despar" : "LOS LOJAS (ENRIQUE BAQUERIZO MORENO)"
	},
	{
		"dpa_canton" : "0907",
		"dpa_parroq" : "090750",
		"dpa_despar" : "ELOY ALFARO (DURAN)"
	},
	{
		"dpa_canton" : "0908",
		"dpa_parroq" : "090850",
		"dpa_despar" : "VELASCO IBARRA (CAB. EL EMPALME)"
	},
	{
		"dpa_canton" : "0908",
		"dpa_parroq" : "090851",
		"dpa_despar" : "GUAYAS (PUEBLO NUEVO)"
	},
	{
		"dpa_canton" : "0908",
		"dpa_parroq" : "090852",
		"dpa_despar" : "EL ROSARIO"
	},
	{
		"dpa_canton" : "0909",
		"dpa_parroq" : "090950",
		"dpa_despar" : "EL TRIUNFO"
	},
	{
		"dpa_canton" : "0910",
		"dpa_parroq" : "091050",
		"dpa_despar" : "MILAGRO"
	},
	{
		"dpa_canton" : "0910",
		"dpa_parroq" : "091051",
		"dpa_despar" : "CHOBO"
	},
	{
		"dpa_canton" : "0910",
		"dpa_parroq" : "091053",
		"dpa_despar" : "MARISCAL SUCRE (HUAQUES)"
	},
	{
		"dpa_canton" : "0910",
		"dpa_parroq" : "091054",
		"dpa_despar" : "ROBERTO ASTUDILLO (CAB. EN CRUCE DE VENECIA)"
	},
	{
		"dpa_canton" : "0911",
		"dpa_parroq" : "091150",
		"dpa_despar" : "NARANJAL"
	},
	{
		"dpa_canton" : "0911",
		"dpa_parroq" : "091151",
		"dpa_despar" : "JESUS MARIA"
	},
	{
		"dpa_canton" : "0911",
		"dpa_parroq" : "091152",
		"dpa_despar" : "SAN CARLOS"
	},
	{
		"dpa_canton" : "0911",
		"dpa_parroq" : "091153",
		"dpa_despar" : "SANTA ROSA DE FLANDES"
	},
	{
		"dpa_canton" : "0911",
		"dpa_parroq" : "091154",
		"dpa_despar" : "TAURA"
	},
	{
		"dpa_canton" : "0912",
		"dpa_parroq" : "091250",
		"dpa_despar" : "NARANJITO"
	},
	{
		"dpa_canton" : "0913",
		"dpa_parroq" : "091350",
		"dpa_despar" : "PALESTINA"
	},
	{
		"dpa_canton" : "0914",
		"dpa_parroq" : "091450",
		"dpa_despar" : "PEDRO CARBO"
	},
	{
		"dpa_canton" : "0914",
		"dpa_parroq" : "091451",
		"dpa_despar" : "VALLE DE LA VIRGEN"
	},
	{
		"dpa_canton" : "0914",
		"dpa_parroq" : "091452",
		"dpa_despar" : "SABANILLA"
	},
	{
		"dpa_canton" : "0916",
		"dpa_parroq" : "091650",
		"dpa_despar" : "SAMBORONDON"
	},
	{
		"dpa_canton" : "0916",
		"dpa_parroq" : "091651",
		"dpa_despar" : "TARIFA"
	},
	{
		"dpa_canton" : "0918",
		"dpa_parroq" : "091850",
		"dpa_despar" : "SANTA LUCIA"
	},
	{
		"dpa_canton" : "0919",
		"dpa_parroq" : "091950",
		"dpa_despar" : "EL SALITRE (LAS RAMAS)"
	},
	{
		"dpa_canton" : "0919",
		"dpa_parroq" : "091951",
		"dpa_despar" : "GENERAL VERNAZA (DOS ESTEROS)"
	},
	{
		"dpa_canton" : "0919",
		"dpa_parroq" : "091952",
		"dpa_despar" : "LA VICTORIA (ÑAUZA)"
	},
	{
		"dpa_canton" : "0919",
		"dpa_parroq" : "091953",
		"dpa_despar" : "JUNQUILLAL"
	},
	{
		"dpa_canton" : "0920",
		"dpa_parroq" : "092050",
		"dpa_despar" : "SAN JACINTO DE YAGUACHI"
	},
	{
		"dpa_canton" : "0920",
		"dpa_parroq" : "092053",
		"dpa_despar" : "GENERAL PEDRO J. MONTERO (BOLICHE)"
	},
	{
		"dpa_canton" : "0920",
		"dpa_parroq" : "092055",
		"dpa_despar" : "YAGUACHI VIEJO (CONE)"
	},
	{
		"dpa_canton" : "0920",
		"dpa_parroq" : "092056",
		"dpa_despar" : "VIRGEN DE FATIMA"
	},
	{
		"dpa_canton" : "0921",
		"dpa_parroq" : "092150",
		"dpa_despar" : "GENERAL VILLAMIL (PLAYAS)"
	},
	{
		"dpa_canton" : "0922",
		"dpa_parroq" : "092250",
		"dpa_despar" : "SIMON BOLIVAR"
	},
	{
		"dpa_canton" : "0922",
		"dpa_parroq" : "092251",
		"dpa_despar" : "CORONEL LORENZO DE GARAICOA (PEDREGAL)"
	},
	{
		"dpa_canton" : "0923",
		"dpa_parroq" : "092350",
		"dpa_despar" : "CORONEL MARCELINO MARIDUEÑA (SAN CARLOS)"
	},
	{
		"dpa_canton" : "0924",
		"dpa_parroq" : "092450",
		"dpa_despar" : "LOMAS DE SARGENTILLO"
	},
	{
		"dpa_canton" : "0925",
		"dpa_parroq" : "092550",
		"dpa_despar" : "NARCISA DE JESUS"
	},
	{
		"dpa_canton" : "0927",
		"dpa_parroq" : "092750",
		"dpa_despar" : "GENERAL ANTONIO ELIZALDE (BUCAY)"
	},
	{
		"dpa_canton" : "0928",
		"dpa_parroq" : "092850",
		"dpa_despar" : "ISIDRO AYORA"
	},
	{
		"dpa_canton" : "1001",
		"dpa_parroq" : "100150",
		"dpa_despar" : "SAN MIGUEL DE IBARRA"
	},
	{
		"dpa_canton" : "1001",
		"dpa_parroq" : "100151",
		"dpa_despar" : "AMBUQUI"
	},
	{
		"dpa_canton" : "1001",
		"dpa_parroq" : "100152",
		"dpa_despar" : "ANGOCHAGUA"
	},
	{
		"dpa_canton" : "1001",
		"dpa_parroq" : "100153",
		"dpa_despar" : "CAROLINA"
	},
	{
		"dpa_canton" : "1001",
		"dpa_parroq" : "100154",
		"dpa_despar" : "LA ESPERANZA"
	},
	{
		"dpa_canton" : "1001",
		"dpa_parroq" : "100155",
		"dpa_despar" : "LITA"
	},
	{
		"dpa_canton" : "1001",
		"dpa_parroq" : "100156",
		"dpa_despar" : "SALINAS"
	},
	{
		"dpa_canton" : "1001",
		"dpa_parroq" : "100157",
		"dpa_despar" : "SAN ANTONIO"
	},
	{
		"dpa_canton" : "1002",
		"dpa_parroq" : "100250",
		"dpa_despar" : "ATUNTAQUI"
	},
	{
		"dpa_canton" : "1002",
		"dpa_parroq" : "100251",
		"dpa_despar" : "IMBAYA (SAN LUIS DE COBUENDO)"
	},
	{
		"dpa_canton" : "1002",
		"dpa_parroq" : "100252",
		"dpa_despar" : "SAN FRANCISCO DE NATABUELA"
	},
	{
		"dpa_canton" : "1002",
		"dpa_parroq" : "100253",
		"dpa_despar" : "SAN JOSE DE CHALTURA"
	},
	{
		"dpa_canton" : "1002",
		"dpa_parroq" : "100254",
		"dpa_despar" : "SAN ROQUE"
	},
	{
		"dpa_canton" : "1003",
		"dpa_parroq" : "100350",
		"dpa_despar" : "COTACACHI"
	},
	{
		"dpa_canton" : "1003",
		"dpa_parroq" : "100351",
		"dpa_despar" : "APUELA"
	},
	{
		"dpa_canton" : "1003",
		"dpa_parroq" : "100352",
		"dpa_despar" : "GARCIA MORENO (LLURIMAGUA)"
	},
	{
		"dpa_canton" : "1003",
		"dpa_parroq" : "100353",
		"dpa_despar" : "IMANTAG"
	},
	{
		"dpa_canton" : "1003",
		"dpa_parroq" : "100354",
		"dpa_despar" : "PEÑAHERRERA"
	},
	{
		"dpa_canton" : "1003",
		"dpa_parroq" : "100355",
		"dpa_despar" : "PLAZA GUTIERREZ (CALVARIO)"
	},
	{
		"dpa_canton" : "1003",
		"dpa_parroq" : "100356",
		"dpa_despar" : "QUIROGA"
	},
	{
		"dpa_canton" : "1003",
		"dpa_parroq" : "100357",
		"dpa_despar" : "6 DE JULIO DE CUELLAJE (CAB. EN CUELLAJE)"
	},
	{
		"dpa_canton" : "1003",
		"dpa_parroq" : "100358",
		"dpa_despar" : "VACAS GALINDO (EL CHURO) (CAB. EN SAN MIGUEL ALTO)"
	},
	{
		"dpa_canton" : "1004",
		"dpa_parroq" : "100450",
		"dpa_despar" : "OTAVALO"
	},
	{
		"dpa_canton" : "1004",
		"dpa_parroq" : "100451",
		"dpa_despar" : "DOCTOR MIGUEL EGAS CABEZAS (PEGUCHE)"
	},
	{
		"dpa_canton" : "1004",
		"dpa_parroq" : "100452",
		"dpa_despar" : "EUGENIO ESPEJO (CALPAQUI)"
	},
	{
		"dpa_canton" : "1004",
		"dpa_parroq" : "100453",
		"dpa_despar" : "GONZALEZ SUAREZ"
	},
	{
		"dpa_canton" : "1004",
		"dpa_parroq" : "100454",
		"dpa_despar" : "PATAQUI"
	},
	{
		"dpa_canton" : "1004",
		"dpa_parroq" : "100455",
		"dpa_despar" : "SAN JOSE DE QUICHINCHE"
	},
	{
		"dpa_canton" : "1004",
		"dpa_parroq" : "100456",
		"dpa_despar" : "SAN JUAN DE ILUMAN"
	},
	{
		"dpa_canton" : "1004",
		"dpa_parroq" : "100457",
		"dpa_despar" : "SAN PABLO"
	},
	{
		"dpa_canton" : "1004",
		"dpa_parroq" : "100458",
		"dpa_despar" : "SAN RAFAEL"
	},
	{
		"dpa_canton" : "1004",
		"dpa_parroq" : "100459",
		"dpa_despar" : "SELVA ALEGRE (CAB. EN SAN MIGUEL DE PAMPLONA)"
	},
	{
		"dpa_canton" : "1005",
		"dpa_parroq" : "100550",
		"dpa_despar" : "PIMAMPIRO"
	},
	{
		"dpa_canton" : "1005",
		"dpa_parroq" : "100551",
		"dpa_despar" : "CHUGA"
	},
	{
		"dpa_canton" : "1005",
		"dpa_parroq" : "100552",
		"dpa_despar" : "MARIANO ACOSTA"
	},
	{
		"dpa_canton" : "1005",
		"dpa_parroq" : "100553",
		"dpa_despar" : "SAN FRANCISCO DE SIGSIPAMBA"
	},
	{
		"dpa_canton" : "1006",
		"dpa_parroq" : "100650",
		"dpa_despar" : "URCUQUI"
	},
	{
		"dpa_canton" : "1006",
		"dpa_parroq" : "100651",
		"dpa_despar" : "CAHUASQUI"
	},
	{
		"dpa_canton" : "1006",
		"dpa_parroq" : "100652",
		"dpa_despar" : "LA MERCED DE BUENOS AIRES"
	},
	{
		"dpa_canton" : "1006",
		"dpa_parroq" : "100653",
		"dpa_despar" : "PABLO ARENAS"
	},
	{
		"dpa_canton" : "1006",
		"dpa_parroq" : "100654",
		"dpa_despar" : "SAN BLAS"
	},
	{
		"dpa_canton" : "1006",
		"dpa_parroq" : "100655",
		"dpa_despar" : "TUMBABIRO"
	},
	{
		"dpa_canton" : "1101",
		"dpa_parroq" : "110150",
		"dpa_despar" : "LOJA"
	},
	{
		"dpa_canton" : "1101",
		"dpa_parroq" : "110151",
		"dpa_despar" : "CHANTACO"
	},
	{
		"dpa_canton" : "1101",
		"dpa_parroq" : "110152",
		"dpa_despar" : "CHUQUIRIBAMBA"
	},
	{
		"dpa_canton" : "1101",
		"dpa_parroq" : "110153",
		"dpa_despar" : "EL CISNE"
	},
	{
		"dpa_canton" : "1101",
		"dpa_parroq" : "110154",
		"dpa_despar" : "GUALEL"
	},
	{
		"dpa_canton" : "1101",
		"dpa_parroq" : "110155",
		"dpa_despar" : "JIMBILLA"
	},
	{
		"dpa_canton" : "1101",
		"dpa_parroq" : "110156",
		"dpa_despar" : "MALACATOS (VALLADOLID)"
	},
	{
		"dpa_canton" : "1101",
		"dpa_parroq" : "110157",
		"dpa_despar" : "SAN LUCAS"
	},
	{
		"dpa_canton" : "1101",
		"dpa_parroq" : "110158",
		"dpa_despar" : "SAN PEDRO DE VILCABAMBA"
	},
	{
		"dpa_canton" : "1101",
		"dpa_parroq" : "110159",
		"dpa_despar" : "SANTIAGO"
	},
	{
		"dpa_canton" : "1101",
		"dpa_parroq" : "110160",
		"dpa_despar" : "TAQUIL (MIGUEL RIOFRIO)"
	},
	{
		"dpa_canton" : "1101",
		"dpa_parroq" : "110161",
		"dpa_despar" : "VILCABAMBA (VICTORIA)"
	},
	{
		"dpa_canton" : "1101",
		"dpa_parroq" : "110162",
		"dpa_despar" : "YANGANA (ARSENIO CASTILLO)"
	},
	{
		"dpa_canton" : "1101",
		"dpa_parroq" : "110163",
		"dpa_despar" : "QUINARA"
	},
	{
		"dpa_canton" : "1102",
		"dpa_parroq" : "110250",
		"dpa_despar" : "CARIAMANGA"
	},
	{
		"dpa_canton" : "1102",
		"dpa_parroq" : "110251",
		"dpa_despar" : "COLAISACA"
	},
	{
		"dpa_canton" : "1102",
		"dpa_parroq" : "110252",
		"dpa_despar" : "EL LUCERO"
	},
	{
		"dpa_canton" : "1102",
		"dpa_parroq" : "110253",
		"dpa_despar" : "UTUANA"
	},
	{
		"dpa_canton" : "1102",
		"dpa_parroq" : "110254",
		"dpa_despar" : "SANGUILLIN"
	},
	{
		"dpa_canton" : "1103",
		"dpa_parroq" : "110350",
		"dpa_despar" : "CATAMAYO (LA TOMA)"
	},
	{
		"dpa_canton" : "1103",
		"dpa_parroq" : "110351",
		"dpa_despar" : "EL TAMBO"
	},
	{
		"dpa_canton" : "1103",
		"dpa_parroq" : "110352",
		"dpa_despar" : "GUAYQUICHUMA"
	},
	{
		"dpa_canton" : "1103",
		"dpa_parroq" : "110353",
		"dpa_despar" : "SAN PEDRO DE LA BENDITA"
	},
	{
		"dpa_canton" : "1103",
		"dpa_parroq" : "110354",
		"dpa_despar" : "ZAMBI"
	},
	{
		"dpa_canton" : "1104",
		"dpa_parroq" : "110450",
		"dpa_despar" : "CELICA"
	},
	{
		"dpa_canton" : "1104",
		"dpa_parroq" : "110451",
		"dpa_despar" : "CRUZPAMBA (CAB EN CARLOS BUSTAMANTE)"
	},
	{
		"dpa_canton" : "1104",
		"dpa_parroq" : "110455",
		"dpa_despar" : "POZUL (SAN JUAN DE POZUL)"
	},
	{
		"dpa_canton" : "1104",
		"dpa_parroq" : "110456",
		"dpa_despar" : "SABANILLA"
	},
	{
		"dpa_canton" : "1104",
		"dpa_parroq" : "110457",
		"dpa_despar" : "TENIENTE MAXIMILIANO RODRIGUEZ LOAIZA"
	},
	{
		"dpa_canton" : "1105",
		"dpa_parroq" : "110550",
		"dpa_despar" : "CHAGUARPAMBA"
	},
	{
		"dpa_canton" : "1105",
		"dpa_parroq" : "110551",
		"dpa_despar" : "BUENAVISTA"
	},
	{
		"dpa_canton" : "1105",
		"dpa_parroq" : "110552",
		"dpa_despar" : "EL ROSARIO"
	},
	{
		"dpa_canton" : "1105",
		"dpa_parroq" : "110553",
		"dpa_despar" : "SANTA RUFINA"
	},
	{
		"dpa_canton" : "1105",
		"dpa_parroq" : "110554",
		"dpa_despar" : "AMARILLOS"
	},
	{
		"dpa_canton" : "1106",
		"dpa_parroq" : "110650",
		"dpa_despar" : "AMALUZA"
	},
	{
		"dpa_canton" : "1106",
		"dpa_parroq" : "110651",
		"dpa_despar" : "BELLAVISTA"
	},
	{
		"dpa_canton" : "1106",
		"dpa_parroq" : "110652",
		"dpa_despar" : "JIMBURA"
	},
	{
		"dpa_canton" : "1106",
		"dpa_parroq" : "110653",
		"dpa_despar" : "SANTA TERESITA"
	},
	{
		"dpa_canton" : "1106",
		"dpa_parroq" : "110654",
		"dpa_despar" : "27 DE ABRIL (CAB. EN LA NARANJA)"
	},
	{
		"dpa_canton" : "1106",
		"dpa_parroq" : "110655",
		"dpa_despar" : "EL INGENIO"
	},
	{
		"dpa_canton" : "1106",
		"dpa_parroq" : "110656",
		"dpa_despar" : "EL AIRO"
	},
	{
		"dpa_canton" : "1107",
		"dpa_parroq" : "110750",
		"dpa_despar" : "GONZANAMA"
	},
	{
		"dpa_canton" : "1107",
		"dpa_parroq" : "110751",
		"dpa_despar" : "CHANGAIMINA (LA LIBERTAD)"
	},
	{
		"dpa_canton" : "1107",
		"dpa_parroq" : "110753",
		"dpa_despar" : "NAMBACOLA"
	},
	{
		"dpa_canton" : "1107",
		"dpa_parroq" : "110754",
		"dpa_despar" : "PURUNUMA (EGUIGUREN)"
	},
	{
		"dpa_canton" : "1107",
		"dpa_parroq" : "110756",
		"dpa_despar" : "SACAPALCA"
	},
	{
		"dpa_canton" : "1108",
		"dpa_parroq" : "110850",
		"dpa_despar" : "MACARA"
	},
	{
		"dpa_canton" : "1108",
		"dpa_parroq" : "110851",
		"dpa_despar" : "LARAMA"
	},
	{
		"dpa_canton" : "1108",
		"dpa_parroq" : "110852",
		"dpa_despar" : "LA VICTORIA"
	},
	{
		"dpa_canton" : "1108",
		"dpa_parroq" : "110853",
		"dpa_despar" : "SABIANGO (LA CAPILLA)"
	},
	{
		"dpa_canton" : "1109",
		"dpa_parroq" : "110950",
		"dpa_despar" : "CATACOCHA"
	},
	{
		"dpa_canton" : "1109",
		"dpa_parroq" : "110951",
		"dpa_despar" : "CANGONAMA"
	},
	{
		"dpa_canton" : "1109",
		"dpa_parroq" : "110952",
		"dpa_despar" : "GUACHANAMA"
	},
	{
		"dpa_canton" : "1109",
		"dpa_parroq" : "110954",
		"dpa_despar" : "LAURO GUERRERO"
	},
	{
		"dpa_canton" : "1109",
		"dpa_parroq" : "110956",
		"dpa_despar" : "ORIANGA"
	},
	{
		"dpa_canton" : "1109",
		"dpa_parroq" : "110957",
		"dpa_despar" : "SAN ANTONIO"
	},
	{
		"dpa_canton" : "1109",
		"dpa_parroq" : "110958",
		"dpa_despar" : "CASANGA"
	},
	{
		"dpa_canton" : "1109",
		"dpa_parroq" : "110959",
		"dpa_despar" : "YAMANA"
	},
	{
		"dpa_canton" : "1110",
		"dpa_parroq" : "111050",
		"dpa_despar" : "ALAMOR"
	},
	{
		"dpa_canton" : "1110",
		"dpa_parroq" : "111051",
		"dpa_despar" : "CIANO"
	},
	{
		"dpa_canton" : "1110",
		"dpa_parroq" : "111052",
		"dpa_despar" : "EL ARENAL"
	},
	{
		"dpa_canton" : "1110",
		"dpa_parroq" : "111053",
		"dpa_despar" : "EL LIMO (MARIANA DE JESUS)"
	},
	{
		"dpa_canton" : "1110",
		"dpa_parroq" : "111054",
		"dpa_despar" : "MERCADILLO"
	},
	{
		"dpa_canton" : "1110",
		"dpa_parroq" : "111055",
		"dpa_despar" : "VICENTINO"
	},
	{
		"dpa_canton" : "1111",
		"dpa_parroq" : "111150",
		"dpa_despar" : "SARAGURO"
	},
	{
		"dpa_canton" : "1111",
		"dpa_parroq" : "111151",
		"dpa_despar" : "EL PARAISO DE CELEN"
	},
	{
		"dpa_canton" : "1111",
		"dpa_parroq" : "111152",
		"dpa_despar" : "EL TABLON"
	},
	{
		"dpa_canton" : "1111",
		"dpa_parroq" : "111153",
		"dpa_despar" : "LLUZHAPA"
	},
	{
		"dpa_canton" : "1111",
		"dpa_parroq" : "111154",
		"dpa_despar" : "MANU"
	},
	{
		"dpa_canton" : "1111",
		"dpa_parroq" : "111155",
		"dpa_despar" : "SAN ANTONIO DE QUMBE (CUMBE)"
	},
	{
		"dpa_canton" : "1111",
		"dpa_parroq" : "111156",
		"dpa_despar" : "SAN PABLO DE TENTA"
	},
	{
		"dpa_canton" : "1111",
		"dpa_parroq" : "111157",
		"dpa_despar" : "SAN SEBASTIAN DE YULUC"
	},
	{
		"dpa_canton" : "1111",
		"dpa_parroq" : "111158",
		"dpa_despar" : "SELVA ALEGRE"
	},
	{
		"dpa_canton" : "1111",
		"dpa_parroq" : "111159",
		"dpa_despar" : "URDANETA (PAQUISHAPA)"
	},
	{
		"dpa_canton" : "1111",
		"dpa_parroq" : "111160",
		"dpa_despar" : "SUMAYPAMBA"
	},
	{
		"dpa_canton" : "1112",
		"dpa_parroq" : "111250",
		"dpa_despar" : "SOZORANGA"
	},
	{
		"dpa_canton" : "1112",
		"dpa_parroq" : "111251",
		"dpa_despar" : "NUEVA FATIMA"
	},
	{
		"dpa_canton" : "1112",
		"dpa_parroq" : "111252",
		"dpa_despar" : "TACAMOROS"
	},
	{
		"dpa_canton" : "1113",
		"dpa_parroq" : "111350",
		"dpa_despar" : "ZAPOTILLO"
	},
	{
		"dpa_canton" : "1113",
		"dpa_parroq" : "111351",
		"dpa_despar" : "MANGAHURCO"
	},
	{
		"dpa_canton" : "1113",
		"dpa_parroq" : "111352",
		"dpa_despar" : "GARZAREAL"
	},
	{
		"dpa_canton" : "1113",
		"dpa_parroq" : "111353",
		"dpa_despar" : "LIMONES"
	},
	{
		"dpa_canton" : "1113",
		"dpa_parroq" : "111354",
		"dpa_despar" : "PALETILLAS"
	},
	{
		"dpa_canton" : "1113",
		"dpa_parroq" : "111355",
		"dpa_despar" : "BOLASPAMBA"
	},
	{
		"dpa_canton" : "1113",
		"dpa_parroq" : "111356",
		"dpa_despar" : "CAZADEROS"
	},
	{
		"dpa_canton" : "1114",
		"dpa_parroq" : "111450",
		"dpa_despar" : "PINDAL"
	},
	{
		"dpa_canton" : "1114",
		"dpa_parroq" : "111451",
		"dpa_despar" : "CHAQUINAL"
	},
	{
		"dpa_canton" : "1114",
		"dpa_parroq" : "111452",
		"dpa_despar" : "12 DE DICIEMBRE (CAB. EN ACHIOTES)"
	},
	{
		"dpa_canton" : "1114",
		"dpa_parroq" : "111453",
		"dpa_despar" : "MILAGROS"
	},
	{
		"dpa_canton" : "1115",
		"dpa_parroq" : "111550",
		"dpa_despar" : "QUILANGA"
	},
	{
		"dpa_canton" : "1115",
		"dpa_parroq" : "111551",
		"dpa_despar" : "FUNDOCHAMBA"
	},
	{
		"dpa_canton" : "1115",
		"dpa_parroq" : "111552",
		"dpa_despar" : "SAN ANTONIO DE LAS ARADAS (CAB. EN LAS ARADAS)"
	},
	{
		"dpa_canton" : "1116",
		"dpa_parroq" : "111650",
		"dpa_despar" : "OLMEDO"
	},
	{
		"dpa_canton" : "1116",
		"dpa_parroq" : "111651",
		"dpa_despar" : "LA TINGUE"
	},
	{
		"dpa_canton" : "1201",
		"dpa_parroq" : "120150",
		"dpa_despar" : "BABAHOYO"
	},
	{
		"dpa_canton" : "1201",
		"dpa_parroq" : "120152",
		"dpa_despar" : "CARACOL"
	},
	{
		"dpa_canton" : "1201",
		"dpa_parroq" : "120153",
		"dpa_despar" : "FEBRES CORDERO (LAS JUNTAS)"
	},
	{
		"dpa_canton" : "1201",
		"dpa_parroq" : "120154",
		"dpa_despar" : "PIMOCHA"
	},
	{
		"dpa_canton" : "1201",
		"dpa_parroq" : "120155",
		"dpa_despar" : "LA UNION"
	},
	{
		"dpa_canton" : "1202",
		"dpa_parroq" : "120250",
		"dpa_despar" : "BABA"
	},
	{
		"dpa_canton" : "1202",
		"dpa_parroq" : "120251",
		"dpa_despar" : "GUARE"
	},
	{
		"dpa_canton" : "1202",
		"dpa_parroq" : "120252",
		"dpa_despar" : "ISLA DE BEJUCAL"
	},
	{
		"dpa_canton" : "1203",
		"dpa_parroq" : "120350",
		"dpa_despar" : "MONTALVO"
	},
	{
		"dpa_canton" : "1203",
		"dpa_parroq" : "120351",
		"dpa_despar" : "LA ESMERALDA"
	},
	{
		"dpa_canton" : "1204",
		"dpa_parroq" : "120450",
		"dpa_despar" : "PUEBLOVIEJO"
	},
	{
		"dpa_canton" : "1204",
		"dpa_parroq" : "120451",
		"dpa_despar" : "PUERTO PECHICHE"
	},
	{
		"dpa_canton" : "1204",
		"dpa_parroq" : "120452",
		"dpa_despar" : "SAN JUAN"
	},
	{
		"dpa_canton" : "1205",
		"dpa_parroq" : "120550",
		"dpa_despar" : "QUEVEDO"
	},
	{
		"dpa_canton" : "1205",
		"dpa_parroq" : "120553",
		"dpa_despar" : "SAN CARLOS"
	},
	{
		"dpa_canton" : "1205",
		"dpa_parroq" : "120555",
		"dpa_despar" : "LA ESPERANZA"
	},
	{
		"dpa_canton" : "1206",
		"dpa_parroq" : "120650",
		"dpa_despar" : "CATARAMA"
	},
	{
		"dpa_canton" : "1206",
		"dpa_parroq" : "120651",
		"dpa_despar" : "RICAURTE"
	},
	{
		"dpa_canton" : "1207",
		"dpa_parroq" : "120750",
		"dpa_despar" : "VENTANAS"
	},
	{
		"dpa_canton" : "1207",
		"dpa_parroq" : "120752",
		"dpa_despar" : "ZAPOTAL"
	},
	{
		"dpa_canton" : "1207",
		"dpa_parroq" : "120753",
		"dpa_despar" : "CHACARITA"
	},
	{
		"dpa_canton" : "1207",
		"dpa_parroq" : "120754",
		"dpa_despar" : "LOS ANGELES"
	},
	{
		"dpa_canton" : "1208",
		"dpa_parroq" : "120850",
		"dpa_despar" : "VINCES"
	},
	{
		"dpa_canton" : "1208",
		"dpa_parroq" : "120851",
		"dpa_despar" : "ANTONIO SOTOMAYOR (CAB. EN PLAYAS DE VINCES)"
	},
	{
		"dpa_canton" : "1209",
		"dpa_parroq" : "120950",
		"dpa_despar" : "PALENQUE"
	},
	{
		"dpa_canton" : "1210",
		"dpa_parroq" : "121050",
		"dpa_despar" : "SAN JACINTO DE BUENA FE"
	},
	{
		"dpa_canton" : "1210",
		"dpa_parroq" : "121051",
		"dpa_despar" : "PATRICIA PILAR"
	},
	{
		"dpa_canton" : "1211",
		"dpa_parroq" : "121150",
		"dpa_despar" : "VALENCIA"
	},
	{
		"dpa_canton" : "1212",
		"dpa_parroq" : "121250",
		"dpa_despar" : "MOCACHE"
	},
	{
		"dpa_canton" : "1213",
		"dpa_parroq" : "121350",
		"dpa_despar" : "QUINSALOMA"
	},
	{
		"dpa_canton" : "1301",
		"dpa_parroq" : "130150",
		"dpa_despar" : "PORTOVIEJO"
	},
	{
		"dpa_canton" : "1301",
		"dpa_parroq" : "130151",
		"dpa_despar" : "ABDON CALDERON (SAN FRANCISCO)"
	},
	{
		"dpa_canton" : "1301",
		"dpa_parroq" : "130152",
		"dpa_despar" : "ALHAJUELA (BAJO GRANDE)"
	},
	{
		"dpa_canton" : "1301",
		"dpa_parroq" : "130153",
		"dpa_despar" : "CRUCITA"
	},
	{
		"dpa_canton" : "1301",
		"dpa_parroq" : "130154",
		"dpa_despar" : "PUEBLO NUEVO"
	},
	{
		"dpa_canton" : "1301",
		"dpa_parroq" : "130155",
		"dpa_despar" : "RIOCHICO (RIO CHICO)"
	},
	{
		"dpa_canton" : "1301",
		"dpa_parroq" : "130156",
		"dpa_despar" : "SAN PLACIDO"
	},
	{
		"dpa_canton" : "1301",
		"dpa_parroq" : "130157",
		"dpa_despar" : "CHIRIJOS"
	},
	{
		"dpa_canton" : "1302",
		"dpa_parroq" : "130250",
		"dpa_despar" : "CALCETA"
	},
	{
		"dpa_canton" : "1302",
		"dpa_parroq" : "130251",
		"dpa_despar" : "MEMBRILLO"
	},
	{
		"dpa_canton" : "1302",
		"dpa_parroq" : "130252",
		"dpa_despar" : "QUIROGA"
	},
	{
		"dpa_canton" : "1303",
		"dpa_parroq" : "130350",
		"dpa_despar" : "CHONE"
	},
	{
		"dpa_canton" : "1303",
		"dpa_parroq" : "130351",
		"dpa_despar" : "BOYACA"
	},
	{
		"dpa_canton" : "1303",
		"dpa_parroq" : "130352",
		"dpa_despar" : "CANUTO"
	},
	{
		"dpa_canton" : "1303",
		"dpa_parroq" : "130353",
		"dpa_despar" : "CONVENTO"
	},
	{
		"dpa_canton" : "1303",
		"dpa_parroq" : "130354",
		"dpa_despar" : "CHIBUNGA"
	},
	{
		"dpa_canton" : "1303",
		"dpa_parroq" : "130355",
		"dpa_despar" : "ELOY ALFARO"
	},
	{
		"dpa_canton" : "1303",
		"dpa_parroq" : "130356",
		"dpa_despar" : "RICAURTE"
	},
	{
		"dpa_canton" : "1303",
		"dpa_parroq" : "130357",
		"dpa_despar" : "SAN ANTONIO"
	},
	{
		"dpa_canton" : "1304",
		"dpa_parroq" : "130450",
		"dpa_despar" : "EL CARMEN"
	},
	{
		"dpa_canton" : "1304",
		"dpa_parroq" : "130451",
		"dpa_despar" : "WILFRIDO LOOR MOREIRA (MAICITO)"
	},
	{
		"dpa_canton" : "1304",
		"dpa_parroq" : "130452",
		"dpa_despar" : "SAN PEDRO DE SUMA"
	},
	{
		"dpa_canton" : "1305",
		"dpa_parroq" : "130550",
		"dpa_despar" : "FLAVIO ALFARO"
	},
	{
		"dpa_canton" : "1305",
		"dpa_parroq" : "130551",
		"dpa_despar" : "SAN FRANCISCO DE NOVILLO (CAB. EN NOVILLO)"
	},
	{
		"dpa_canton" : "1305",
		"dpa_parroq" : "130552",
		"dpa_despar" : "ZAPALLO"
	},
	{
		"dpa_canton" : "1306",
		"dpa_parroq" : "130650",
		"dpa_despar" : "JIPIJAPA"
	},
	{
		"dpa_canton" : "1306",
		"dpa_parroq" : "130651",
		"dpa_despar" : "AMERICA"
	},
	{
		"dpa_canton" : "1306",
		"dpa_parroq" : "130652",
		"dpa_despar" : "EL ANEGADO (CAB. EN ELOY ALFARO)"
	},
	{
		"dpa_canton" : "1306",
		"dpa_parroq" : "130653",
		"dpa_despar" : "JULCUY"
	},
	{
		"dpa_canton" : "1306",
		"dpa_parroq" : "130654",
		"dpa_despar" : "LA UNION"
	},
	{
		"dpa_canton" : "1306",
		"dpa_parroq" : "130656",
		"dpa_despar" : "MEMBRILLAL"
	},
	{
		"dpa_canton" : "1306",
		"dpa_parroq" : "130657",
		"dpa_despar" : "PEDRO PABLO GOMEZ"
	},
	{
		"dpa_canton" : "1306",
		"dpa_parroq" : "130658",
		"dpa_despar" : "PUERTO DE CAYO"
	},
	{
		"dpa_canton" : "1307",
		"dpa_parroq" : "130750",
		"dpa_despar" : "JUNIN"
	},
	{
		"dpa_canton" : "1308",
		"dpa_parroq" : "130850",
		"dpa_despar" : "MANTA"
	},
	{
		"dpa_canton" : "1308",
		"dpa_parroq" : "130851",
		"dpa_despar" : "SAN LORENZO"
	},
	{
		"dpa_canton" : "1308",
		"dpa_parroq" : "130852",
		"dpa_despar" : "SANTA MARIANITA (BOCA DE PACOCHE)"
	},
	{
		"dpa_canton" : "1309",
		"dpa_parroq" : "130950",
		"dpa_despar" : "MONTECRISTI"
	},
	{
		"dpa_canton" : "1309",
		"dpa_parroq" : "130952",
		"dpa_despar" : "LA PILA"
	},
	{
		"dpa_canton" : "1310",
		"dpa_parroq" : "131050",
		"dpa_despar" : "PAJAN"
	},
	{
		"dpa_canton" : "1310",
		"dpa_parroq" : "131051",
		"dpa_despar" : "CAMPOZANO (LA PALMA DE PAJAN)"
	},
	{
		"dpa_canton" : "1310",
		"dpa_parroq" : "131052",
		"dpa_despar" : "CASCOL"
	},
	{
		"dpa_canton" : "1310",
		"dpa_parroq" : "131053",
		"dpa_despar" : "GUALE"
	},
	{
		"dpa_canton" : "1310",
		"dpa_parroq" : "131054",
		"dpa_despar" : "LASCANO"
	},
	{
		"dpa_canton" : "1311",
		"dpa_parroq" : "131150",
		"dpa_despar" : "PICHINCHA"
	},
	{
		"dpa_canton" : "1311",
		"dpa_parroq" : "131151",
		"dpa_despar" : "BARRAGANETE"
	},
	{
		"dpa_canton" : "1311",
		"dpa_parroq" : "131152",
		"dpa_despar" : "SAN SEBASTIAN"
	},
	{
		"dpa_canton" : "1312",
		"dpa_parroq" : "131250",
		"dpa_despar" : "ROCAFUERTE"
	},
	{
		"dpa_canton" : "1313",
		"dpa_parroq" : "131350",
		"dpa_despar" : "SANTA ANA DE VUELTA LARGA"
	},
	{
		"dpa_canton" : "1313",
		"dpa_parroq" : "131351",
		"dpa_despar" : "AYACUCHO"
	},
	{
		"dpa_canton" : "1313",
		"dpa_parroq" : "131352",
		"dpa_despar" : "HONORATO VASQUEZ (CAB EN VASQUEZ)"
	},
	{
		"dpa_canton" : "1313",
		"dpa_parroq" : "131353",
		"dpa_despar" : "LA UNION"
	},
	{
		"dpa_canton" : "1313",
		"dpa_parroq" : "131355",
		"dpa_despar" : "SAN PABLO (CAB EN PUEBLO NUEVO)"
	},
	{
		"dpa_canton" : "1314",
		"dpa_parroq" : "131450",
		"dpa_despar" : "BAHIA DE CARAQUEZ"
	},
	{
		"dpa_canton" : "1314",
		"dpa_parroq" : "131453",
		"dpa_despar" : "CHARAPOTO"
	},
	{
		"dpa_canton" : "1314",
		"dpa_parroq" : "131457",
		"dpa_despar" : "SAN ISIDRO"
	},
	{
		"dpa_canton" : "1315",
		"dpa_parroq" : "131550",
		"dpa_despar" : "TOSAGUA"
	},
	{
		"dpa_canton" : "1315",
		"dpa_parroq" : "131551",
		"dpa_despar" : "BACHILLERO"
	},
	{
		"dpa_canton" : "1315",
		"dpa_parroq" : "131552",
		"dpa_despar" : "ANGEL PEDRO GILER (LA ESTANCILLA)"
	},
	{
		"dpa_canton" : "1316",
		"dpa_parroq" : "131650",
		"dpa_despar" : "SUCRE"
	},
	{
		"dpa_canton" : "1316",
		"dpa_parroq" : "131651",
		"dpa_despar" : "BELLAVISTA"
	},
	{
		"dpa_canton" : "1316",
		"dpa_parroq" : "131652",
		"dpa_despar" : "NOBOA"
	},
	{
		"dpa_canton" : "1316",
		"dpa_parroq" : "131653",
		"dpa_despar" : "ARQUITECTO SIXTO DURAN BALLEN"
	},
	{
		"dpa_canton" : "1317",
		"dpa_parroq" : "131750",
		"dpa_despar" : "PEDERNALES"
	},
	{
		"dpa_canton" : "1317",
		"dpa_parroq" : "131751",
		"dpa_despar" : "COJIMIES"
	},
	{
		"dpa_canton" : "1317",
		"dpa_parroq" : "131752",
		"dpa_despar" : "DIEZ DE AGOSTO"
	},
	{
		"dpa_canton" : "1317",
		"dpa_parroq" : "131753",
		"dpa_despar" : "ATAHUALPA"
	},
	{
		"dpa_canton" : "1318",
		"dpa_parroq" : "131850",
		"dpa_despar" : "OLMEDO"
	},
	{
		"dpa_canton" : "1319",
		"dpa_parroq" : "131950",
		"dpa_despar" : "PUERTO LOPEZ"
	},
	{
		"dpa_canton" : "1319",
		"dpa_parroq" : "131951",
		"dpa_despar" : "MACHALILLA"
	},
	{
		"dpa_canton" : "1319",
		"dpa_parroq" : "131952",
		"dpa_despar" : "SALANGO"
	},
	{
		"dpa_canton" : "1320",
		"dpa_parroq" : "132050",
		"dpa_despar" : "JAMA"
	},
	{
		"dpa_canton" : "1321",
		"dpa_parroq" : "132150",
		"dpa_despar" : "JARAMIJO"
	},
	{
		"dpa_canton" : "1322",
		"dpa_parroq" : "132250",
		"dpa_despar" : "SAN VICENTE"
	},
	{
		"dpa_canton" : "1322",
		"dpa_parroq" : "132251",
		"dpa_despar" : "CANOA"
	},
	{
		"dpa_canton" : "1401",
		"dpa_parroq" : "140150",
		"dpa_despar" : "MACAS"
	},
	{
		"dpa_canton" : "1401",
		"dpa_parroq" : "140151",
		"dpa_despar" : "ALSHI (CAB EN 9 DE OCTUBRE)"
	},
	{
		"dpa_canton" : "1401",
		"dpa_parroq" : "140153",
		"dpa_despar" : "GENERAL PROAÑO"
	},
	{
		"dpa_canton" : "1401",
		"dpa_parroq" : "140156",
		"dpa_despar" : "SAN ISIDRO"
	},
	{
		"dpa_canton" : "1401",
		"dpa_parroq" : "140157",
		"dpa_despar" : "SEVILLA DON BOSCO"
	},
	{
		"dpa_canton" : "1401",
		"dpa_parroq" : "140158",
		"dpa_despar" : "SINAI"
	},
	{
		"dpa_canton" : "1401",
		"dpa_parroq" : "140160",
		"dpa_despar" : "ZUÑA (ZUÑAC)"
	},
	{
		"dpa_canton" : "1401",
		"dpa_parroq" : "140162",
		"dpa_despar" : "CUCHAENTZA"
	},
	{
		"dpa_canton" : "1401",
		"dpa_parroq" : "140164",
		"dpa_despar" : "RIO BLANCO"
	},
	{
		"dpa_canton" : "1402",
		"dpa_parroq" : "140250",
		"dpa_despar" : "GUALAQUIZA"
	},
	{
		"dpa_canton" : "1402",
		"dpa_parroq" : "140251",
		"dpa_despar" : "AMAZONAS (ROSARIO DE CUYES)"
	},
	{
		"dpa_canton" : "1402",
		"dpa_parroq" : "140252",
		"dpa_despar" : "BERMEJOS"
	},
	{
		"dpa_canton" : "1402",
		"dpa_parroq" : "140253",
		"dpa_despar" : "BOMBOIZA"
	},
	{
		"dpa_canton" : "1402",
		"dpa_parroq" : "140254",
		"dpa_despar" : "CHIGUINDA"
	},
	{
		"dpa_canton" : "1402",
		"dpa_parroq" : "140255",
		"dpa_despar" : "EL ROSARIO"
	},
	{
		"dpa_canton" : "1402",
		"dpa_parroq" : "140256",
		"dpa_despar" : "NUEVA TARQUI"
	},
	{
		"dpa_canton" : "1402",
		"dpa_parroq" : "140257",
		"dpa_despar" : "SAN MIGUEL DE CUYES"
	},
	{
		"dpa_canton" : "1402",
		"dpa_parroq" : "140258",
		"dpa_despar" : "EL IDEAL"
	},
	{
		"dpa_canton" : "1403",
		"dpa_parroq" : "140350",
		"dpa_despar" : "GENERAL LEONIDAS PLAZA GUTIERREZ"
	},
	{
		"dpa_canton" : "1403",
		"dpa_parroq" : "140351",
		"dpa_despar" : "INDANZA"
	},
	{
		"dpa_canton" : "1403",
		"dpa_parroq" : "140353",
		"dpa_despar" : "SAN ANTONIO (CAB EN SAN ANTONIO CENTRO)"
	},
	{
		"dpa_canton" : "1403",
		"dpa_parroq" : "140356",
		"dpa_despar" : "SAN MIGUEL DE CONCHAY"
	},
	{
		"dpa_canton" : "1403",
		"dpa_parroq" : "140357",
		"dpa_despar" : "STA SUSANA DE CHIVIAZA (CAB EN CHIVIAZA)"
	},
	{
		"dpa_canton" : "1403",
		"dpa_parroq" : "140358",
		"dpa_despar" : "YUNGANZA (CAB EN EL ROSARIO)"
	},
	{
		"dpa_canton" : "1404",
		"dpa_parroq" : "140450",
		"dpa_despar" : "PALORA (METZERA)"
	},
	{
		"dpa_canton" : "1404",
		"dpa_parroq" : "140451",
		"dpa_despar" : "ARAPICOS"
	},
	{
		"dpa_canton" : "1404",
		"dpa_parroq" : "140452",
		"dpa_despar" : "CUMANDA (CAB EN COLONIA AGRICOLA SEVILLA DEL ORO)"
	},
	{
		"dpa_canton" : "1404",
		"dpa_parroq" : "140454",
		"dpa_despar" : "SANGAY (CAB EN NAYAMANACA)"
	},
	{
		"dpa_canton" : "1404",
		"dpa_parroq" : "140455",
		"dpa_despar" : "16 DE AGOSTO"
	},
	{
		"dpa_canton" : "1405",
		"dpa_parroq" : "140550",
		"dpa_despar" : "SANTIAGO DE MENDEZ"
	},
	{
		"dpa_canton" : "1405",
		"dpa_parroq" : "140551",
		"dpa_despar" : "COPAL"
	},
	{
		"dpa_canton" : "1405",
		"dpa_parroq" : "140552",
		"dpa_despar" : "CHUPIANZA"
	},
	{
		"dpa_canton" : "1405",
		"dpa_parroq" : "140553",
		"dpa_despar" : "PATUCA"
	},
	{
		"dpa_canton" : "1405",
		"dpa_parroq" : "140554",
		"dpa_despar" : "SAN LUIS DE EL ACHO (CAB EN EL ACHO)"
	},
	{
		"dpa_canton" : "1405",
		"dpa_parroq" : "140556",
		"dpa_despar" : "TAYUZA"
	},
	{
		"dpa_canton" : "1405",
		"dpa_parroq" : "140557",
		"dpa_despar" : "SAN FRANCISCO DE CHINIMBIMI"
	},
	{
		"dpa_canton" : "1406",
		"dpa_parroq" : "140650",
		"dpa_despar" : "SUCUA"
	},
	{
		"dpa_canton" : "1406",
		"dpa_parroq" : "140651",
		"dpa_despar" : "ASUNCION"
	},
	{
		"dpa_canton" : "1406",
		"dpa_parroq" : "140652",
		"dpa_despar" : "HUAMBI"
	},
	{
		"dpa_canton" : "1406",
		"dpa_parroq" : "140655",
		"dpa_despar" : "SANTA MARIANITA DE JESUS"
	},
	{
		"dpa_canton" : "1407",
		"dpa_parroq" : "140750",
		"dpa_despar" : "HUAMBOYA"
	},
	{
		"dpa_canton" : "1407",
		"dpa_parroq" : "140751",
		"dpa_despar" : "CHIGUAZA"
	},
	{
		"dpa_canton" : "1408",
		"dpa_parroq" : "140850",
		"dpa_despar" : "SAN JUAN BOSCO"
	},
	{
		"dpa_canton" : "1408",
		"dpa_parroq" : "140851",
		"dpa_despar" : "PAN DE AZUCAR"
	},
	{
		"dpa_canton" : "1408",
		"dpa_parroq" : "140852",
		"dpa_despar" : "SAN CARLOS DE LIMON"
	},
	{
		"dpa_canton" : "1408",
		"dpa_parroq" : "140853",
		"dpa_despar" : "SAN JACINTO DE WAKAMBEIS"
	},
	{
		"dpa_canton" : "1408",
		"dpa_parroq" : "140854",
		"dpa_despar" : "SANTIAGO DE PANANZA"
	},
	{
		"dpa_canton" : "1409",
		"dpa_parroq" : "140950",
		"dpa_despar" : "TAISHA"
	},
	{
		"dpa_canton" : "1409",
		"dpa_parroq" : "140951",
		"dpa_despar" : "HUASAGA (CAB EN WAMPUIK)"
	},
	{
		"dpa_canton" : "1409",
		"dpa_parroq" : "140952",
		"dpa_despar" : "MACUMA"
	},
	{
		"dpa_canton" : "1409",
		"dpa_parroq" : "140953",
		"dpa_despar" : "TUUTINENTZA"
	},
	{
		"dpa_canton" : "1409",
		"dpa_parroq" : "140954",
		"dpa_despar" : "PUMPUENTSA"
	},
	{
		"dpa_canton" : "1410",
		"dpa_parroq" : "141050",
		"dpa_despar" : "LOGROÑO"
	},
	{
		"dpa_canton" : "1410",
		"dpa_parroq" : "141051",
		"dpa_despar" : "YAUPI"
	},
	{
		"dpa_canton" : "1410",
		"dpa_parroq" : "141052",
		"dpa_despar" : "SHIMPIS"
	},
	{
		"dpa_canton" : "1411",
		"dpa_parroq" : "141150",
		"dpa_despar" : "PABLO SEXTO"
	},
	{
		"dpa_canton" : "1412",
		"dpa_parroq" : "141250",
		"dpa_despar" : "SANTIAGO"
	},
	{
		"dpa_canton" : "1412",
		"dpa_parroq" : "141251",
		"dpa_despar" : "SAN JOSE DE MORONA"
	},
	{
		"dpa_canton" : "1501",
		"dpa_parroq" : "150150",
		"dpa_despar" : "TENA"
	},
	{
		"dpa_canton" : "1501",
		"dpa_parroq" : "150151",
		"dpa_despar" : "AHUANO"
	},
	{
		"dpa_canton" : "1501",
		"dpa_parroq" : "150153",
		"dpa_despar" : "CHONTAPUNTA"
	},
	{
		"dpa_canton" : "1501",
		"dpa_parroq" : "150154",
		"dpa_despar" : "PANO"
	},
	{
		"dpa_canton" : "1501",
		"dpa_parroq" : "150155",
		"dpa_despar" : "PUERTO MISAHUALLI"
	},
	{
		"dpa_canton" : "1501",
		"dpa_parroq" : "150156",
		"dpa_despar" : "PUERTO NAPO"
	},
	{
		"dpa_canton" : "1501",
		"dpa_parroq" : "150157",
		"dpa_despar" : "TALAG"
	},
	{
		"dpa_canton" : "1501",
		"dpa_parroq" : "150158",
		"dpa_despar" : "SAN JUAN DE MUYUNA"
	},
	{
		"dpa_canton" : "1503",
		"dpa_parroq" : "150350",
		"dpa_despar" : "ARCHIDONA"
	},
	{
		"dpa_canton" : "1503",
		"dpa_parroq" : "150352",
		"dpa_despar" : "COTUNDO"
	},
	{
		"dpa_canton" : "1503",
		"dpa_parroq" : "150354",
		"dpa_despar" : "SAN PABLO DE USHPAYACU"
	},
	{
		"dpa_canton" : "1503",
		"dpa_parroq" : "150356",
		"dpa_despar" : "HATUN SUMAKU"
	},
	{
		"dpa_canton" : "1504",
		"dpa_parroq" : "150450",
		"dpa_despar" : "EL CHACO"
	},
	{
		"dpa_canton" : "1504",
		"dpa_parroq" : "150451",
		"dpa_despar" : "GONZALO DIAZ DE PINEDA (EL BOMBON)"
	},
	{
		"dpa_canton" : "1504",
		"dpa_parroq" : "150452",
		"dpa_despar" : "LINARES"
	},
	{
		"dpa_canton" : "1504",
		"dpa_parroq" : "150453",
		"dpa_despar" : "OYACACHI"
	},
	{
		"dpa_canton" : "1504",
		"dpa_parroq" : "150454",
		"dpa_despar" : "SANTA ROSA"
	},
	{
		"dpa_canton" : "1504",
		"dpa_parroq" : "150455",
		"dpa_despar" : "SARDINAS"
	},
	{
		"dpa_canton" : "1507",
		"dpa_parroq" : "150750",
		"dpa_despar" : "BAEZA"
	},
	{
		"dpa_canton" : "1507",
		"dpa_parroq" : "150751",
		"dpa_despar" : "COSANGA"
	},
	{
		"dpa_canton" : "1507",
		"dpa_parroq" : "150752",
		"dpa_despar" : "CUYUJA"
	},
	{
		"dpa_canton" : "1507",
		"dpa_parroq" : "150753",
		"dpa_despar" : "PAPALLACTA"
	},
	{
		"dpa_canton" : "1507",
		"dpa_parroq" : "150754",
		"dpa_despar" : "SAN FRANCISCO DE BORJA (VIRGILIO DAVILA)"
	},
	{
		"dpa_canton" : "1507",
		"dpa_parroq" : "150756",
		"dpa_despar" : "SUMACO"
	},
	{
		"dpa_canton" : "1509",
		"dpa_parroq" : "150950",
		"dpa_despar" : "CARLOS JULIO AROSEMENA TOLA"
	},
	{
		"dpa_canton" : "1601",
		"dpa_parroq" : "160150",
		"dpa_despar" : "PUYO"
	},
	{
		"dpa_canton" : "1601",
		"dpa_parroq" : "160152",
		"dpa_despar" : "CANELOS"
	},
	{
		"dpa_canton" : "1601",
		"dpa_parroq" : "160154",
		"dpa_despar" : "DIEZ DE AGOSTO"
	},
	{
		"dpa_canton" : "1601",
		"dpa_parroq" : "160155",
		"dpa_despar" : "FATIMA"
	},
	{
		"dpa_canton" : "1601",
		"dpa_parroq" : "160156",
		"dpa_despar" : "MONTALVO (ANDOAS)"
	},
	{
		"dpa_canton" : "1601",
		"dpa_parroq" : "160157",
		"dpa_despar" : "POMONA"
	},
	{
		"dpa_canton" : "1601",
		"dpa_parroq" : "160158",
		"dpa_despar" : "RIO CORRIENTES"
	},
	{
		"dpa_canton" : "1601",
		"dpa_parroq" : "160159",
		"dpa_despar" : "RIO TIGRE"
	},
	{
		"dpa_canton" : "1601",
		"dpa_parroq" : "160161",
		"dpa_despar" : "SARAYACU"
	},
	{
		"dpa_canton" : "1601",
		"dpa_parroq" : "160162",
		"dpa_despar" : "SIMON BOLIVAR (CAB. EN MUSHULLACTA)"
	},
	{
		"dpa_canton" : "1601",
		"dpa_parroq" : "160163",
		"dpa_despar" : "TARQUI"
	},
	{
		"dpa_canton" : "1601",
		"dpa_parroq" : "160164",
		"dpa_despar" : "TENIENTE HUGO ORTIZ"
	},
	{
		"dpa_canton" : "1601",
		"dpa_parroq" : "160165",
		"dpa_despar" : "VERACRUZ (INDILLAMA) (CAB. EN INDILLAMA)"
	},
	{
		"dpa_canton" : "1601",
		"dpa_parroq" : "160166",
		"dpa_despar" : "EL TRIUNFO"
	},
	{
		"dpa_canton" : "1602",
		"dpa_parroq" : "160250",
		"dpa_despar" : "MERA"
	},
	{
		"dpa_canton" : "1602",
		"dpa_parroq" : "160251",
		"dpa_despar" : "MADRE TIERRA"
	},
	{
		"dpa_canton" : "1602",
		"dpa_parroq" : "160252",
		"dpa_despar" : "SHELL"
	},
	{
		"dpa_canton" : "1603",
		"dpa_parroq" : "160350",
		"dpa_despar" : "SANTA CLARA"
	},
	{
		"dpa_canton" : "1603",
		"dpa_parroq" : "160351",
		"dpa_despar" : "SAN JOSE"
	},
	{
		"dpa_canton" : "1604",
		"dpa_parroq" : "160450",
		"dpa_despar" : "ARAJUNO"
	},
	{
		"dpa_canton" : "1604",
		"dpa_parroq" : "160451",
		"dpa_despar" : "CURARAY"
	},
	{
		"dpa_canton" : "1701",
		"dpa_parroq" : "170150",
		"dpa_despar" : "QUITO"
	},
	{
		"dpa_canton" : "1701",
		"dpa_parroq" : "170151",
		"dpa_despar" : "ALANGASI"
	},
	{
		"dpa_canton" : "1701",
		"dpa_parroq" : "170152",
		"dpa_despar" : "AMAGUAÑA"
	},
	{
		"dpa_canton" : "1701",
		"dpa_parroq" : "170153",
		"dpa_despar" : "ATAHUALPA (HABASPAMBA)"
	},
	{
		"dpa_canton" : "1701",
		"dpa_parroq" : "170154",
		"dpa_despar" : "CALACALI"
	},
	{
		"dpa_canton" : "1701",
		"dpa_parroq" : "170155",
		"dpa_despar" : "CALDERON (CARAPUNGO)"
	},
	{
		"dpa_canton" : "1701",
		"dpa_parroq" : "170156",
		"dpa_despar" : "CONOCOTO"
	},
	{
		"dpa_canton" : "1701",
		"dpa_parroq" : "170157",
		"dpa_despar" : "CUMBAYA"
	},
	{
		"dpa_canton" : "1701",
		"dpa_parroq" : "170158",
		"dpa_despar" : "CHAVEZPAMBA"
	},
	{
		"dpa_canton" : "1701",
		"dpa_parroq" : "170159",
		"dpa_despar" : "CHECA (CHILPA)"
	},
	{
		"dpa_canton" : "1701",
		"dpa_parroq" : "170160",
		"dpa_despar" : "EL QUINCHE"
	},
	{
		"dpa_canton" : "1701",
		"dpa_parroq" : "170161",
		"dpa_despar" : "GUALEA"
	},
	{
		"dpa_canton" : "1701",
		"dpa_parroq" : "170162",
		"dpa_despar" : "GUANGOPOLO"
	},
	{
		"dpa_canton" : "1701",
		"dpa_parroq" : "170163",
		"dpa_despar" : "GUAYLLABAMBA"
	},
	{
		"dpa_canton" : "1701",
		"dpa_parroq" : "170164",
		"dpa_despar" : "LA MERCED"
	},
	{
		"dpa_canton" : "1701",
		"dpa_parroq" : "170165",
		"dpa_despar" : "LLANO CHICO"
	},
	{
		"dpa_canton" : "1701",
		"dpa_parroq" : "170166",
		"dpa_despar" : "LLOA"
	},
	{
		"dpa_canton" : "1701",
		"dpa_parroq" : "170168",
		"dpa_despar" : "NANEGAL"
	},
	{
		"dpa_canton" : "1701",
		"dpa_parroq" : "170169",
		"dpa_despar" : "NANEGALITO"
	},
	{
		"dpa_canton" : "1701",
		"dpa_parroq" : "170170",
		"dpa_despar" : "NAYON"
	},
	{
		"dpa_canton" : "1701",
		"dpa_parroq" : "170171",
		"dpa_despar" : "NONO"
	},
	{
		"dpa_canton" : "1701",
		"dpa_parroq" : "170172",
		"dpa_despar" : "PACTO"
	},
	{
		"dpa_canton" : "1701",
		"dpa_parroq" : "170174",
		"dpa_despar" : "PERUCHO"
	},
	{
		"dpa_canton" : "1701",
		"dpa_parroq" : "170175",
		"dpa_despar" : "PIFO"
	},
	{
		"dpa_canton" : "1701",
		"dpa_parroq" : "170176",
		"dpa_despar" : "PINTAG"
	},
	{
		"dpa_canton" : "1701",
		"dpa_parroq" : "170177",
		"dpa_despar" : "POMASQUI"
	},
	{
		"dpa_canton" : "1701",
		"dpa_parroq" : "170178",
		"dpa_despar" : "PUELLARO"
	},
	{
		"dpa_canton" : "1701",
		"dpa_parroq" : "170179",
		"dpa_despar" : "PUEMBO"
	},
	{
		"dpa_canton" : "1701",
		"dpa_parroq" : "170180",
		"dpa_despar" : "SAN ANTONIO"
	},
	{
		"dpa_canton" : "1701",
		"dpa_parroq" : "170181",
		"dpa_despar" : "SAN JOSE DE MINAS"
	},
	{
		"dpa_canton" : "1701",
		"dpa_parroq" : "170183",
		"dpa_despar" : "TABABELA"
	},
	{
		"dpa_canton" : "1701",
		"dpa_parroq" : "170184",
		"dpa_despar" : "TUMBACO"
	},
	{
		"dpa_canton" : "1701",
		"dpa_parroq" : "170185",
		"dpa_despar" : "YARUQUI"
	},
	{
		"dpa_canton" : "1701",
		"dpa_parroq" : "170186",
		"dpa_despar" : "ZAMBIZA"
	},
	{
		"dpa_canton" : "1702",
		"dpa_parroq" : "170250",
		"dpa_despar" : "CAYAMBE"
	},
	{
		"dpa_canton" : "1702",
		"dpa_parroq" : "170251",
		"dpa_despar" : "ASCAZUBI"
	},
	{
		"dpa_canton" : "1702",
		"dpa_parroq" : "170252",
		"dpa_despar" : "CANGAHUA"
	},
	{
		"dpa_canton" : "1702",
		"dpa_parroq" : "170253",
		"dpa_despar" : "OLMEDO (PESILLO)"
	},
	{
		"dpa_canton" : "1702",
		"dpa_parroq" : "170254",
		"dpa_despar" : "OTON"
	},
	{
		"dpa_canton" : "1702",
		"dpa_parroq" : "170255",
		"dpa_despar" : "SANTA ROSA DE CUZUBAMBA"
	},
	{
		"dpa_canton" : "1702",
		"dpa_parroq" : "170256",
		"dpa_despar" : "SAN JOSE DE AYORA"
	},
	{
		"dpa_canton" : "1703",
		"dpa_parroq" : "170350",
		"dpa_despar" : "MACHACHI"
	},
	{
		"dpa_canton" : "1703",
		"dpa_parroq" : "170351",
		"dpa_despar" : "ALOAG"
	},
	{
		"dpa_canton" : "1703",
		"dpa_parroq" : "170352",
		"dpa_despar" : "ALOASI"
	},
	{
		"dpa_canton" : "1703",
		"dpa_parroq" : "170353",
		"dpa_despar" : "CUTUGLAHUA"
	},
	{
		"dpa_canton" : "1703",
		"dpa_parroq" : "170354",
		"dpa_despar" : "EL CHAUPI"
	},
	{
		"dpa_canton" : "1703",
		"dpa_parroq" : "170355",
		"dpa_despar" : "MANUEL CORNEJO ASTORGA (TANDAPI)"
	},
	{
		"dpa_canton" : "1703",
		"dpa_parroq" : "170356",
		"dpa_despar" : "TAMBILLO"
	},
	{
		"dpa_canton" : "1703",
		"dpa_parroq" : "170357",
		"dpa_despar" : "UYUMBICHO"
	},
	{
		"dpa_canton" : "1704",
		"dpa_parroq" : "170450",
		"dpa_despar" : "TABACUNDO"
	},
	{
		"dpa_canton" : "1704",
		"dpa_parroq" : "170451",
		"dpa_despar" : "LA ESPERANZA"
	},
	{
		"dpa_canton" : "1704",
		"dpa_parroq" : "170452",
		"dpa_despar" : "MALCHINGUI"
	},
	{
		"dpa_canton" : "1704",
		"dpa_parroq" : "170453",
		"dpa_despar" : "TOCACHI"
	},
	{
		"dpa_canton" : "1704",
		"dpa_parroq" : "170454",
		"dpa_despar" : "TUPIGACHI"
	},
	{
		"dpa_canton" : "1705",
		"dpa_parroq" : "170550",
		"dpa_despar" : "SANGOLQUI"
	},
	{
		"dpa_canton" : "1705",
		"dpa_parroq" : "170551",
		"dpa_despar" : "COTOGCHOA"
	},
	{
		"dpa_canton" : "1705",
		"dpa_parroq" : "170552",
		"dpa_despar" : "RUMIPAMBA"
	},
	{
		"dpa_canton" : "1707",
		"dpa_parroq" : "170750",
		"dpa_despar" : "SAN MIGUEL DE LOS BANCOS"
	},
	{
		"dpa_canton" : "1707",
		"dpa_parroq" : "170751",
		"dpa_despar" : "MINDO"
	},
	{
		"dpa_canton" : "1708",
		"dpa_parroq" : "170850",
		"dpa_despar" : "PEDRO VICENTE MALDONADO"
	},
	{
		"dpa_canton" : "1709",
		"dpa_parroq" : "170950",
		"dpa_despar" : "PUERTO QUITO"
	},
	{
		"dpa_canton" : "1801",
		"dpa_parroq" : "180150",
		"dpa_despar" : "AMBATO"
	},
	{
		"dpa_canton" : "1801",
		"dpa_parroq" : "180151",
		"dpa_despar" : "AMBATILLO"
	},
	{
		"dpa_canton" : "1801",
		"dpa_parroq" : "180152",
		"dpa_despar" : "ATAHUALPA (CHISALATA)"
	},
	{
		"dpa_canton" : "1801",
		"dpa_parroq" : "180153",
		"dpa_despar" : "AUGUSTO N. MARTINEZ (MUNDUGLEO)"
	},
	{
		"dpa_canton" : "1801",
		"dpa_parroq" : "180154",
		"dpa_despar" : "CONSTANTINO FERNANDEZ (CAB. EN CULLITAHUA)"
	},
	{
		"dpa_canton" : "1801",
		"dpa_parroq" : "180155",
		"dpa_despar" : "HUACHI GRANDE"
	},
	{
		"dpa_canton" : "1801",
		"dpa_parroq" : "180156",
		"dpa_despar" : "IZAMBA"
	},
	{
		"dpa_canton" : "1801",
		"dpa_parroq" : "180157",
		"dpa_despar" : "JUAN BENIGNO VELA"
	},
	{
		"dpa_canton" : "1801",
		"dpa_parroq" : "180158",
		"dpa_despar" : "MONTALVO"
	},
	{
		"dpa_canton" : "1801",
		"dpa_parroq" : "180159",
		"dpa_despar" : "PASA"
	},
	{
		"dpa_canton" : "1801",
		"dpa_parroq" : "180160",
		"dpa_despar" : "PICAIGUA"
	},
	{
		"dpa_canton" : "1801",
		"dpa_parroq" : "180161",
		"dpa_despar" : "PILAGUIN (PILAHUIN)"
	},
	{
		"dpa_canton" : "1801",
		"dpa_parroq" : "180162",
		"dpa_despar" : "QUISAPINCHA (QUIZAPINCHA)"
	},
	{
		"dpa_canton" : "1801",
		"dpa_parroq" : "180163",
		"dpa_despar" : "SAN BARTOLOME DE PINLLO"
	},
	{
		"dpa_canton" : "1801",
		"dpa_parroq" : "180164",
		"dpa_despar" : "SAN FERNANDO (PASA SAN FERNANDO)"
	},
	{
		"dpa_canton" : "1801",
		"dpa_parroq" : "180165",
		"dpa_despar" : "SANTA ROSA"
	},
	{
		"dpa_canton" : "1801",
		"dpa_parroq" : "180166",
		"dpa_despar" : "TOTORAS"
	},
	{
		"dpa_canton" : "1801",
		"dpa_parroq" : "180167",
		"dpa_despar" : "CUNCHIBAMBA"
	},
	{
		"dpa_canton" : "1801",
		"dpa_parroq" : "180168",
		"dpa_despar" : "UNAMUNCHO"
	},
	{
		"dpa_canton" : "1802",
		"dpa_parroq" : "180250",
		"dpa_despar" : "BAÑOS DE AGUA SANTA"
	},
	{
		"dpa_canton" : "1802",
		"dpa_parroq" : "180251",
		"dpa_despar" : "LLIGUA"
	},
	{
		"dpa_canton" : "1802",
		"dpa_parroq" : "180252",
		"dpa_despar" : "RIO NEGRO"
	},
	{
		"dpa_canton" : "1802",
		"dpa_parroq" : "180253",
		"dpa_despar" : "RIO VERDE"
	},
	{
		"dpa_canton" : "1802",
		"dpa_parroq" : "180254",
		"dpa_despar" : "ULBA"
	},
	{
		"dpa_canton" : "1803",
		"dpa_parroq" : "180350",
		"dpa_despar" : "CEVALLOS"
	},
	{
		"dpa_canton" : "1804",
		"dpa_parroq" : "180450",
		"dpa_despar" : "MOCHA"
	},
	{
		"dpa_canton" : "1804",
		"dpa_parroq" : "180451",
		"dpa_despar" : "PINGUILI"
	},
	{
		"dpa_canton" : "1805",
		"dpa_parroq" : "180550",
		"dpa_despar" : "PATATE"
	},
	{
		"dpa_canton" : "1805",
		"dpa_parroq" : "180551",
		"dpa_despar" : "EL TRIUNFO"
	},
	{
		"dpa_canton" : "1805",
		"dpa_parroq" : "180552",
		"dpa_despar" : "LOS ANDES (CAB. EN POATUG)"
	},
	{
		"dpa_canton" : "1805",
		"dpa_parroq" : "180553",
		"dpa_despar" : "SUCRE (CAB. EN SUCRE-PATATE URCU)"
	},
	{
		"dpa_canton" : "1806",
		"dpa_parroq" : "180650",
		"dpa_despar" : "QUERO"
	},
	{
		"dpa_canton" : "1806",
		"dpa_parroq" : "180651",
		"dpa_despar" : "RUMIPAMBA"
	},
	{
		"dpa_canton" : "1806",
		"dpa_parroq" : "180652",
		"dpa_despar" : "YANAYACU- MOCHAPATA (CAB. EN YANAYACU)"
	},
	{
		"dpa_canton" : "1807",
		"dpa_parroq" : "180750",
		"dpa_despar" : "PELILEO"
	},
	{
		"dpa_canton" : "1807",
		"dpa_parroq" : "180751",
		"dpa_despar" : "BENITEZ (PACHANLICA)"
	},
	{
		"dpa_canton" : "1807",
		"dpa_parroq" : "180752",
		"dpa_despar" : "BOLIVAR"
	},
	{
		"dpa_canton" : "1807",
		"dpa_parroq" : "180753",
		"dpa_despar" : "COTALO"
	},
	{
		"dpa_canton" : "1807",
		"dpa_parroq" : "180754",
		"dpa_despar" : "CHIQUICHA (CAB. EN CHIQUICHA GRANDE)"
	},
	{
		"dpa_canton" : "1807",
		"dpa_parroq" : "180755",
		"dpa_despar" : "EL ROSARIO (RUMICHACA)"
	},
	{
		"dpa_canton" : "1807",
		"dpa_parroq" : "180756",
		"dpa_despar" : "GARCIA MORENO (CHUMAQUI)"
	},
	{
		"dpa_canton" : "1807",
		"dpa_parroq" : "180757",
		"dpa_despar" : "GUAMBALO (HUAMBALO)"
	},
	{
		"dpa_canton" : "1807",
		"dpa_parroq" : "180758",
		"dpa_despar" : "SALASACA"
	},
	{
		"dpa_canton" : "1808",
		"dpa_parroq" : "180850",
		"dpa_despar" : "PILLARO"
	},
	{
		"dpa_canton" : "1808",
		"dpa_parroq" : "180851",
		"dpa_despar" : "BAQUERIZO MORENO"
	},
	{
		"dpa_canton" : "1808",
		"dpa_parroq" : "180852",
		"dpa_despar" : "EMILIO MARIA TERAN (RUMIPAMBA)"
	},
	{
		"dpa_canton" : "1808",
		"dpa_parroq" : "180853",
		"dpa_despar" : "MARCOS ESPINEL (CHACATA)"
	},
	{
		"dpa_canton" : "1808",
		"dpa_parroq" : "180854",
		"dpa_despar" : "PRESIDENTE URBINA (CHAGRAPAMBA -PATZUCUL)"
	},
	{
		"dpa_canton" : "1808",
		"dpa_parroq" : "180855",
		"dpa_despar" : "SAN ANDRES"
	},
	{
		"dpa_canton" : "1808",
		"dpa_parroq" : "180856",
		"dpa_despar" : "SAN JOSE DE POALO"
	},
	{
		"dpa_canton" : "1808",
		"dpa_parroq" : "180857",
		"dpa_despar" : "SAN MIGUELITO"
	},
	{
		"dpa_canton" : "1809",
		"dpa_parroq" : "180950",
		"dpa_despar" : "TISALEO"
	},
	{
		"dpa_canton" : "1809",
		"dpa_parroq" : "180951",
		"dpa_despar" : "QUINCHICOTO"
	},
	{
		"dpa_canton" : "1901",
		"dpa_parroq" : "190150",
		"dpa_despar" : "ZAMORA"
	},
	{
		"dpa_canton" : "1901",
		"dpa_parroq" : "190151",
		"dpa_despar" : "CUMBARATZA"
	},
	{
		"dpa_canton" : "1901",
		"dpa_parroq" : "190152",
		"dpa_despar" : "GUADALUPE"
	},
	{
		"dpa_canton" : "1901",
		"dpa_parroq" : "190153",
		"dpa_despar" : "IMBANA (LA VICTORIA DE IMBANA)"
	},
	{
		"dpa_canton" : "1901",
		"dpa_parroq" : "190155",
		"dpa_despar" : "SABANILLA"
	},
	{
		"dpa_canton" : "1901",
		"dpa_parroq" : "190156",
		"dpa_despar" : "TIMBARA"
	},
	{
		"dpa_canton" : "1901",
		"dpa_parroq" : "190158",
		"dpa_despar" : "SAN CARLOS DE LAS MINAS"
	},
	{
		"dpa_canton" : "1902",
		"dpa_parroq" : "190250",
		"dpa_despar" : "ZUMBA"
	},
	{
		"dpa_canton" : "1902",
		"dpa_parroq" : "190251",
		"dpa_despar" : "CHITO"
	},
	{
		"dpa_canton" : "1902",
		"dpa_parroq" : "190252",
		"dpa_despar" : "EL CHORRO"
	},
	{
		"dpa_canton" : "1902",
		"dpa_parroq" : "190254",
		"dpa_despar" : "LA CHONTA"
	},
	{
		"dpa_canton" : "1902",
		"dpa_parroq" : "190256",
		"dpa_despar" : "PUCAPAMBA"
	},
	{
		"dpa_canton" : "1902",
		"dpa_parroq" : "190259",
		"dpa_despar" : "SAN ANDRES"
	},
	{
		"dpa_canton" : "1903",
		"dpa_parroq" : "190350",
		"dpa_despar" : "GUAYZIMI"
	},
	{
		"dpa_canton" : "1903",
		"dpa_parroq" : "190351",
		"dpa_despar" : "ZURMI"
	},
	{
		"dpa_canton" : "1903",
		"dpa_parroq" : "190352",
		"dpa_despar" : "NUEVO PARAISO"
	},
	{
		"dpa_canton" : "1904",
		"dpa_parroq" : "190450",
		"dpa_despar" : "28 DE MAYO (SAN JOSE DE YACUAMBI)"
	},
	{
		"dpa_canton" : "1904",
		"dpa_parroq" : "190451",
		"dpa_despar" : "LA PAZ"
	},
	{
		"dpa_canton" : "1904",
		"dpa_parroq" : "190452",
		"dpa_despar" : "TUTUPALI"
	},
	{
		"dpa_canton" : "1905",
		"dpa_parroq" : "190550",
		"dpa_despar" : "YANTZAZA (YANZATZA)"
	},
	{
		"dpa_canton" : "1905",
		"dpa_parroq" : "190551",
		"dpa_despar" : "CHICAÑA"
	},
	{
		"dpa_canton" : "1905",
		"dpa_parroq" : "190553",
		"dpa_despar" : "LOS ENCUENTROS"
	},
	{
		"dpa_canton" : "1906",
		"dpa_parroq" : "190650",
		"dpa_despar" : "EL PANGUI"
	},
	{
		"dpa_canton" : "1906",
		"dpa_parroq" : "190651",
		"dpa_despar" : "EL GUISME"
	},
	{
		"dpa_canton" : "1906",
		"dpa_parroq" : "190652",
		"dpa_despar" : "PACHICUTZA"
	},
	{
		"dpa_canton" : "1906",
		"dpa_parroq" : "190653",
		"dpa_despar" : "TUNDAYME"
	},
	{
		"dpa_canton" : "1907",
		"dpa_parroq" : "190750",
		"dpa_despar" : "ZUMBI"
	},
	{
		"dpa_canton" : "1907",
		"dpa_parroq" : "190752",
		"dpa_despar" : "TRIUNFO-DORADO"
	},
	{
		"dpa_canton" : "1907",
		"dpa_parroq" : "190753",
		"dpa_despar" : "PANGUINTZA"
	},
	{
		"dpa_canton" : "1908",
		"dpa_parroq" : "190850",
		"dpa_despar" : "PALANDA"
	},
	{
		"dpa_canton" : "1908",
		"dpa_parroq" : "190851",
		"dpa_despar" : "EL PORVENIR DEL CARMEN"
	},
	{
		"dpa_canton" : "1908",
		"dpa_parroq" : "190852",
		"dpa_despar" : "SAN FRANCISCO DEL VERGEL"
	},
	{
		"dpa_canton" : "1908",
		"dpa_parroq" : "190853",
		"dpa_despar" : "VALLADOLID"
	},
	{
		"dpa_canton" : "1908",
		"dpa_parroq" : "190854",
		"dpa_despar" : "LA CANELA"
	},
	{
		"dpa_canton" : "1909",
		"dpa_parroq" : "190950",
		"dpa_despar" : "PAQUISHA"
	},
	{
		"dpa_canton" : "1909",
		"dpa_parroq" : "190951",
		"dpa_despar" : "BELLAVISTA"
	},
	{
		"dpa_canton" : "1909",
		"dpa_parroq" : "190952",
		"dpa_despar" : "NUEVO QUITO"
	},
	{
		"dpa_canton" : "2001",
		"dpa_parroq" : "200150",
		"dpa_despar" : "PUERTO BAQUERIZO MORENO"
	},
	{
		"dpa_canton" : "2001",
		"dpa_parroq" : "200151",
		"dpa_despar" : "EL PROGRESO"
	},
	{
		"dpa_canton" : "2001",
		"dpa_parroq" : "200152",
		"dpa_despar" : "ISLA SANTA MARÑA (FLOREANA) (CAB. EN  PTO. VELASCO IBARRA)"
	},
	{
		"dpa_canton" : "2002",
		"dpa_parroq" : "200250",
		"dpa_despar" : "PUERTO VILLAMIL"
	},
	{
		"dpa_canton" : "2002",
		"dpa_parroq" : "200251",
		"dpa_despar" : "TOMAS DE BERLANGA (SANTO TOMAS)"
	},
	{
		"dpa_canton" : "2003",
		"dpa_parroq" : "200350",
		"dpa_despar" : "PUERTO AYORA"
	},
	{
		"dpa_canton" : "2003",
		"dpa_parroq" : "200351",
		"dpa_despar" : "BELLAVISTA"
	},
	{
		"dpa_canton" : "2003",
		"dpa_parroq" : "200352",
		"dpa_despar" : "SANTA ROSA"
	},
	{
		"dpa_canton" : "2101",
		"dpa_parroq" : "210150",
		"dpa_despar" : "NUEVA LOJA"
	},
	{
		"dpa_canton" : "2101",
		"dpa_parroq" : "210152",
		"dpa_despar" : "DURENO"
	},
	{
		"dpa_canton" : "2101",
		"dpa_parroq" : "210153",
		"dpa_despar" : "GENERAL FARFAN"
	},
	{
		"dpa_canton" : "2101",
		"dpa_parroq" : "210155",
		"dpa_despar" : "EL ENO"
	},
	{
		"dpa_canton" : "2101",
		"dpa_parroq" : "210156",
		"dpa_despar" : "PACAYACU"
	},
	{
		"dpa_canton" : "2101",
		"dpa_parroq" : "210157",
		"dpa_despar" : "JAMBELI"
	},
	{
		"dpa_canton" : "2101",
		"dpa_parroq" : "210158",
		"dpa_despar" : "SANTA CECILIA"
	},
	{
		"dpa_canton" : "2101",
		"dpa_parroq" : "210160",
		"dpa_despar" : "10 DE AGOSTO"
	},
	{
		"dpa_canton" : "2102",
		"dpa_parroq" : "210250",
		"dpa_despar" : "LUMBAQUI"
	},
	{
		"dpa_canton" : "2102",
		"dpa_parroq" : "210251",
		"dpa_despar" : "EL REVENTADOR"
	},
	{
		"dpa_canton" : "2102",
		"dpa_parroq" : "210252",
		"dpa_despar" : "GONZALO PIZARRO"
	},
	{
		"dpa_canton" : "2102",
		"dpa_parroq" : "210254",
		"dpa_despar" : "PUERTO LIBRE"
	},
	{
		"dpa_canton" : "2103",
		"dpa_parroq" : "210350",
		"dpa_despar" : "PUERTO EL CARMEN DEL PUTUMAYO"
	},
	{
		"dpa_canton" : "2103",
		"dpa_parroq" : "210351",
		"dpa_despar" : "PALMA ROJA"
	},
	{
		"dpa_canton" : "2103",
		"dpa_parroq" : "210352",
		"dpa_despar" : "PUERTO BOLIVAR (PUERTO MONTUFAR)"
	},
	{
		"dpa_canton" : "2103",
		"dpa_parroq" : "210353",
		"dpa_despar" : "PUERTO RODRIGUEZ"
	},
	{
		"dpa_canton" : "2103",
		"dpa_parroq" : "210354",
		"dpa_despar" : "SANTA ELENA"
	},
	{
		"dpa_canton" : "2104",
		"dpa_parroq" : "210450",
		"dpa_despar" : "SHUSHUFINDI"
	},
	{
		"dpa_canton" : "2104",
		"dpa_parroq" : "210451",
		"dpa_despar" : "LIMONCOCHA"
	},
	{
		"dpa_canton" : "2104",
		"dpa_parroq" : "210452",
		"dpa_despar" : "PAÑACOCHA"
	},
	{
		"dpa_canton" : "2104",
		"dpa_parroq" : "210453",
		"dpa_despar" : "SAN ROQUE (CAB. EN SAN VICENTE)"
	},
	{
		"dpa_canton" : "2104",
		"dpa_parroq" : "210454",
		"dpa_despar" : "SAN PEDRO DE LOS COFANES"
	},
	{
		"dpa_canton" : "2104",
		"dpa_parroq" : "210455",
		"dpa_despar" : "SIETE DE JULIO"
	},
	{
		"dpa_canton" : "2105",
		"dpa_parroq" : "210550",
		"dpa_despar" : "LA BONITA"
	},
	{
		"dpa_canton" : "2105",
		"dpa_parroq" : "210551",
		"dpa_despar" : "EL PLAYON DE SAN FRANCISCO"
	},
	{
		"dpa_canton" : "2105",
		"dpa_parroq" : "210552",
		"dpa_despar" : "LA SOFIA"
	},
	{
		"dpa_canton" : "2105",
		"dpa_parroq" : "210553",
		"dpa_despar" : "ROSA FLORIDA"
	},
	{
		"dpa_canton" : "2105",
		"dpa_parroq" : "210554",
		"dpa_despar" : "SANTA BARBARA"
	},
	{
		"dpa_canton" : "2106",
		"dpa_parroq" : "210650",
		"dpa_despar" : "EL DORADO DE CASCALES"
	},
	{
		"dpa_canton" : "2106",
		"dpa_parroq" : "210651",
		"dpa_despar" : "SANTA ROSA DE SUCUMBIOS"
	},
	{
		"dpa_canton" : "2106",
		"dpa_parroq" : "210652",
		"dpa_despar" : "SEVILLA"
	},
	{
		"dpa_canton" : "2107",
		"dpa_parroq" : "210750",
		"dpa_despar" : "TARAPOA"
	},
	{
		"dpa_canton" : "2107",
		"dpa_parroq" : "210751",
		"dpa_despar" : "CUYABENO"
	},
	{
		"dpa_canton" : "2107",
		"dpa_parroq" : "210752",
		"dpa_despar" : "AGUAS NEGRAS"
	},
	{
		"dpa_canton" : "2201",
		"dpa_parroq" : "220150",
		"dpa_despar" : "PUERTO FRANCISCO DE ORELLANA (EL COCA)"
	},
	{
		"dpa_canton" : "2201",
		"dpa_parroq" : "220151",
		"dpa_despar" : "DAYUMA"
	},
	{
		"dpa_canton" : "2201",
		"dpa_parroq" : "220152",
		"dpa_despar" : "TARACOA (NUEVA ESPERANZA: YUCA)"
	},
	{
		"dpa_canton" : "2201",
		"dpa_parroq" : "220153",
		"dpa_despar" : "ALEJANDRO LABAKA"
	},
	{
		"dpa_canton" : "2201",
		"dpa_parroq" : "220154",
		"dpa_despar" : "EL DORADO"
	},
	{
		"dpa_canton" : "2201",
		"dpa_parroq" : "220155",
		"dpa_despar" : "EL EDEN"
	},
	{
		"dpa_canton" : "2201",
		"dpa_parroq" : "220156",
		"dpa_despar" : "GARCIA MORENO"
	},
	{
		"dpa_canton" : "2201",
		"dpa_parroq" : "220157",
		"dpa_despar" : "INES ARANGO (CAB. EN WESTERN)"
	},
	{
		"dpa_canton" : "2201",
		"dpa_parroq" : "220158",
		"dpa_despar" : "LA BELLEZA"
	},
	{
		"dpa_canton" : "2201",
		"dpa_parroq" : "220159",
		"dpa_despar" : "NUEVO PARAISO (CAB. EN UNION )"
	},
	{
		"dpa_canton" : "2201",
		"dpa_parroq" : "220160",
		"dpa_despar" : "SAN JOSE DE GUAYUSA"
	},
	{
		"dpa_canton" : "2201",
		"dpa_parroq" : "220161",
		"dpa_despar" : "SAN LUIS DE ARMENIA"
	},
	{
		"dpa_canton" : "2202",
		"dpa_parroq" : "220250",
		"dpa_despar" : "NUEVO ROCAFUERTE"
	},
	{
		"dpa_canton" : "2202",
		"dpa_parroq" : "220251",
		"dpa_despar" : "CAPITAN AUGUSTO RIVADENEYRA"
	},
	{
		"dpa_canton" : "2202",
		"dpa_parroq" : "220252",
		"dpa_despar" : "CONONACO"
	},
	{
		"dpa_canton" : "2202",
		"dpa_parroq" : "220253",
		"dpa_despar" : "SANTA MARIA DE HUIRIRIMA"
	},
	{
		"dpa_canton" : "2202",
		"dpa_parroq" : "220254",
		"dpa_despar" : "TIPUTINI"
	},
	{
		"dpa_canton" : "2202",
		"dpa_parroq" : "220255",
		"dpa_despar" : "YASUNI"
	},
	{
		"dpa_canton" : "2203",
		"dpa_parroq" : "220350",
		"dpa_despar" : "LA JOYA DE LOS SACHAS"
	},
	{
		"dpa_canton" : "2203",
		"dpa_parroq" : "220351",
		"dpa_despar" : "ENOKANQUI"
	},
	{
		"dpa_canton" : "2203",
		"dpa_parroq" : "220352",
		"dpa_despar" : "POMPEYA"
	},
	{
		"dpa_canton" : "2203",
		"dpa_parroq" : "220353",
		"dpa_despar" : "SAN CARLOS"
	},
	{
		"dpa_canton" : "2203",
		"dpa_parroq" : "220354",
		"dpa_despar" : "SAN SEBASTIAN DEL COCA"
	},
	{
		"dpa_canton" : "2203",
		"dpa_parroq" : "220355",
		"dpa_despar" : "LAGO SAN PEDRO"
	},
	{
		"dpa_canton" : "2203",
		"dpa_parroq" : "220356",
		"dpa_despar" : "RUMIPAMBA"
	},
	{
		"dpa_canton" : "2203",
		"dpa_parroq" : "220357",
		"dpa_despar" : "TRES DE NOVIEMBRE"
	},
	{
		"dpa_canton" : "2203",
		"dpa_parroq" : "220358",
		"dpa_despar" : "UNION MILAGREÑA"
	},
	{
		"dpa_canton" : "2204",
		"dpa_parroq" : "220450",
		"dpa_despar" : "LORETO"
	},
	{
		"dpa_canton" : "2204",
		"dpa_parroq" : "220451",
		"dpa_despar" : "AVILA (CAB. EN HUIRUNO)"
	},
	{
		"dpa_canton" : "2204",
		"dpa_parroq" : "220452",
		"dpa_despar" : "PUERTO MURIALDO"
	},
	{
		"dpa_canton" : "2204",
		"dpa_parroq" : "220453",
		"dpa_despar" : "SAN JOSE DE PAYAMINO"
	},
	{
		"dpa_canton" : "2204",
		"dpa_parroq" : "220454",
		"dpa_despar" : "SAN JOSE DE DAHUANO"
	},
	{
		"dpa_canton" : "2204",
		"dpa_parroq" : "220455",
		"dpa_despar" : "SAN VICENTE DE HUATICOCHA"
	},
	{
		"dpa_canton" : "2301",
		"dpa_parroq" : "230150",
		"dpa_despar" : "SANTO DOMINGO DE LOS COLORADOS"
	},
	{
		"dpa_canton" : "2301",
		"dpa_parroq" : "230151",
		"dpa_despar" : "ALLURIQUIN"
	},
	{
		"dpa_canton" : "2301",
		"dpa_parroq" : "230152",
		"dpa_despar" : "PUERTO LIMON"
	},
	{
		"dpa_canton" : "2301",
		"dpa_parroq" : "230153",
		"dpa_despar" : "LUZ DE AMERICA"
	},
	{
		"dpa_canton" : "2301",
		"dpa_parroq" : "230154",
		"dpa_despar" : "SAN JACINTO DEL BUA"
	},
	{
		"dpa_canton" : "2301",
		"dpa_parroq" : "230155",
		"dpa_despar" : "VALLE HERMOSO"
	},
	{
		"dpa_canton" : "2301",
		"dpa_parroq" : "230156",
		"dpa_despar" : "EL ESFUERZO"
	},
	{
		"dpa_canton" : "2301",
		"dpa_parroq" : "230157",
		"dpa_despar" : "SANTA MARIA DEL TOACHI"
	},
	{
		"dpa_canton" : "2302",
		"dpa_parroq" : "230250",
		"dpa_despar" : "LA CONCORDIA"
	},
	{
		"dpa_canton" : "2302",
		"dpa_parroq" : "230251",
		"dpa_despar" : "MONTERREY"
	},
	{
		"dpa_canton" : "2302",
		"dpa_parroq" : "230252",
		"dpa_despar" : "LA VILLEGAS"
	},
	{
		"dpa_canton" : "2302",
		"dpa_parroq" : "230253",
		"dpa_despar" : "PLAN PILOTO"
	},
	{
		"dpa_canton" : "2401",
		"dpa_parroq" : "240150",
		"dpa_despar" : "SANTA ELENA"
	},
	{
		"dpa_canton" : "2401",
		"dpa_parroq" : "240151",
		"dpa_despar" : "ATAHUALPA"
	},
	{
		"dpa_canton" : "2401",
		"dpa_parroq" : "240152",
		"dpa_despar" : "COLONCHE"
	},
	{
		"dpa_canton" : "2401",
		"dpa_parroq" : "240153",
		"dpa_despar" : "CHANDUY"
	},
	{
		"dpa_canton" : "2401",
		"dpa_parroq" : "240154",
		"dpa_despar" : "MANGLARALTO"
	},
	{
		"dpa_canton" : "2401",
		"dpa_parroq" : "240155",
		"dpa_despar" : "SIMON BOLIVAR (JULIO MORENO)"
	},
	{
		"dpa_canton" : "2401",
		"dpa_parroq" : "240156",
		"dpa_despar" : "SAN JOSE DE ANCON"
	},
	{
		"dpa_canton" : "2402",
		"dpa_parroq" : "240250",
		"dpa_despar" : "LA LIBERTAD"
	},
	{
		"dpa_canton" : "2403",
		"dpa_parroq" : "240350",
		"dpa_despar" : "SALINAS"
	},
	{
		"dpa_canton" : "2403",
		"dpa_parroq" : "240351",
		"dpa_despar" : "ANCONCITO"
	},
	{
		"dpa_canton" : "2403",
		"dpa_parroq" : "240352",
		"dpa_despar" : "JOSE LUIS TAMAYO (MUEY)"
	}
]}
